Date,Product,Quantity,Price,Total_Sales
2024-01-01,Laptop,12,52965.43,635585.16
2024-01-01,Mouse,21,1231.99,25871.79
2024-01-01,Keyboard,19,2395.28,45510.32000000001
2024-01-01,Monitor,16,15779.97,252479.52
2024-01-01,Headphones,17,3377.75,57421.75
2024-01-02,Laptop,10,51011.15,510111.5
2024-01-02,Mouse,13,1150.89,14961.570000000002
2024-01-02,Keyboard,10,2954.86,29548.600000000002
2024-01-02,Monitor,18,19692.76,354469.68
2024-01-02,Headphones,6,2545.47,15272.82
2024-01-03,Laptop,10,51174.82,511748.2
2024-01-03,Mouse,16,1024.76,16396.16
2024-01-03,Keyboard,18,1534.59,27622.62
2024-01-03,Monitor,17,18059.26,307007.42
2024-01-03,Headphones,16,2140.0,34240.0
2024-01-04,Laptop,18,48663.62,875945.16
2024-01-04,Mouse,20,590.61,11812.2
2024-01-04,Keyboard,20,1799.51,35990.2
2024-01-04,Monitor,12,19916.15,238993.80000000002
2024-01-04,Headphones,14,2139.35,29950.899999999998
2024-01-05,Laptop,8,51803.08,414424.64
2024-01-05,Mouse,14,565.05,7910.699999999999
2024-01-05,Keyboard,9,2913.3,26219.7
2024-01-05,Monitor,20,19041.99,380839.80000000005
2024-01-05,Headphones,14,2047.9,28670.600000000002
2024-01-06,Laptop,6,51842.33,311053.98
2024-01-06,Mouse,21,1183.26,24848.46
2024-01-06,Keyboard,18,2242.77,40369.86
2024-01-06,Monitor,21,15866.82,333203.22
2024-01-06,Headphones,5,2776.34,13881.7
2024-01-07,Laptop,13,52553.61,683196.93
2024-01-07,Mouse,20,1020.07,20401.4
2024-01-07,Keyboard,16,2351.55,37624.8
2024-01-07,Monitor,19,19847.92,377110.48
2024-01-07,Headphones,16,3349.26,53588.16
2024-01-08,Laptop,16,53948.27,863172.32
2024-01-08,Mouse,20,1227.27,24545.4
2024-01-08,Keyboard,21,1632.74,34287.54
2024-01-08,Monitor,12,17604.17,211250.03999999998
2024-01-08,Headphones,20,2975.99,59519.799999999996
2024-01-09,Laptop,19,47713.49,906556.3099999999
2024-01-09,Mouse,10,1086.75,10867.5
2024-01-09,Keyboard,14,1921.4,26899.600000000002
2024-01-09,Monitor,18,16380.0,294840.0
2024-01-09,Headphones,19,4406.59,83725.21
2024-01-10,Laptop,5,45156.36,225781.8
2024-01-10,Mouse,14,1272.24,17811.36
2024-01-10,Keyboard,18,1940.23,34924.14
2024-01-10,Monitor,21,19077.31,400623.51
2024-01-10,Headphones,5,4134.03,20670.149999999998
2024-01-11,Laptop,8,52712.7,421701.6
2024-01-11,Mouse,10,1426.3,14263.0
2024-01-11,Keyboard,16,1673.8,26780.8
2024-01-11,Monitor,12,19250.19,231002.27999999997
2024-01-11,Headphones,18,2992.69,53868.42
2024-01-12,Laptop,12,48109.82,577317.84
2024-01-12,Mouse,13,1165.92,15156.960000000001
2024-01-12,Keyboard,18,2456.34,44214.12
2024-01-12,Monitor,17,17806.22,302705.74
2024-01-12,Headphones,8,2358.78,18870.24
2024-01-13,Laptop,20,53489.14,1069782.8
2024-01-13,Mouse,10,1061.28,10612.8
2024-01-13,Keyboard,21,1884.1,39566.1
2024-01-13,Monitor,17,17613.66,299432.22
2024-01-13,Headphones,21,2332.67,48986.07
2024-01-14,Laptop,18,46078.91,829420.3800000001
2024-01-14,Mouse,21,1395.76,29310.96
2024-01-14,Keyboard,5,1971.53,9857.65
2024-01-14,Monitor,9,19537.83,175840.47000000003
2024-01-14,Headphones,12,3813.25,45759.0
2024-01-15,Laptop,21,52555.51,1103665.71
2024-01-15,Mouse,9,1442.85,12985.65
2024-01-15,Keyboard,12,1934.63,23215.56
2024-01-15,Monitor,11,19402.34,213425.74
2024-01-15,Headphones,16,4424.36,70789.76
2024-01-16,Laptop,14,46054.94,644769.16
2024-01-16,Mouse,18,1303.67,23466.06
2024-01-16,Keyboard,18,2124.76,38245.68000000001
2024-01-16,Monitor,20,17696.71,353934.19999999995
2024-01-16,Headphones,16,2366.26,37860.16
2024-01-17,Laptop,14,48180.03,674520.4199999999
2024-01-17,Mouse,5,772.13,3860.65
2024-01-17,Keyboard,17,2140.66,36391.22
2024-01-17,Monitor,9,16762.84,150865.56
2024-01-17,Headphones,8,2020.86,16166.88
2024-01-18,Laptop,13,50340.89,654431.57
2024-01-18,Mouse,20,722.11,14442.2
2024-01-18,Keyboard,8,1904.12,15232.96
2024-01-18,Monitor,13,19714.55,256289.15
2024-01-18,Headphones,11,2656.29,29219.19
2024-01-19,Laptop,13,52030.19,676392.47
2024-01-19,Mouse,5,564.89,2824.45
2024-01-19,Keyboard,16,2943.67,47098.72
2024-01-19,Monitor,20,18481.52,369630.4
2024-01-19,Headphones,8,2902.63,23221.04
2024-01-20,Laptop,5,54977.4,274887.0
2024-01-20,Mouse,17,1109.56,18862.52
2024-01-20,Keyboard,6,2116.56,12699.36
2024-01-20,Monitor,12,16393.23,196718.76
2024-01-20,Headphones,5,3903.05,19515.25
2024-01-21,Laptop,20,46448.95,928979.0
2024-01-21,Mouse,18,947.78,17060.04
2024-01-21,Keyboard,11,1863.08,20493.879999999997
2024-01-21,Monitor,9,15404.27,138638.43
2024-01-21,Headphones,13,2712.91,35267.83
2024-01-22,Laptop,21,53031.4,1113659.4000000001
2024-01-22,Mouse,10,1132.31,11323.099999999999
2024-01-22,Keyboard,11,2098.24,23080.64
2024-01-22,Monitor,21,15451.45,324480.45
2024-01-22,Headphones,5,2452.15,12260.75
2024-01-23,Laptop,17,46865.19,796708.23
2024-01-23,Mouse,19,1358.36,25808.839999999997
2024-01-23,Keyboard,18,2516.35,45294.299999999996
2024-01-23,Monitor,8,18555.75,148446.0
2024-01-23,Headphones,21,2679.49,56269.28999999999
2024-01-24,Laptop,12,46743.66,560923.92
2024-01-24,Mouse,5,897.57,4487.85
2024-01-24,Keyboard,12,2905.09,34861.08
2024-01-24,Monitor,5,18378.45,91892.25
2024-01-24,Headphones,14,2340.42,32765.88
2024-01-25,Laptop,12,50414.48,604973.76
2024-01-25,Mouse,16,757.94,12127.04
2024-01-25,Keyboard,18,1762.43,31723.74
2024-01-25,Monitor,14,17583.18,246164.52000000002
2024-01-25,Headphones,5,2725.56,13627.8
2024-01-26,Laptop,20,53972.16,1079443.2000000002
2024-01-26,Mouse,10,1382.64,13826.400000000001
2024-01-26,Keyboard,12,2008.54,24102.48
2024-01-26,Monitor,8,18501.79,148014.32
2024-01-26,Headphones,8,4568.97,36551.76
2024-01-27,Laptop,11,52798.76,580786.36
2024-01-27,Mouse,13,1350.93,17562.09
2024-01-27,Keyboard,5,1742.44,8712.2
2024-01-27,Monitor,11,18344.94,201794.34
2024-01-27,Headphones,20,2027.59,40551.799999999996
2024-01-28,Laptop,20,54401.33,1088026.6
2024-01-28,Mouse,14,505.06,7070.84
2024-01-28,Keyboard,20,2323.1,46462.0
2024-01-28,Monitor,11,17242.12,189663.31999999998
2024-01-28,Headphones,19,2672.81,50783.39
2024-01-29,Laptop,5,45180.75,225903.75
2024-01-29,Mouse,20,825.4,16508.0
2024-01-29,Keyboard,9,2049.7,18447.3
2024-01-29,Monitor,13,19246.12,250199.56
2024-01-29,Headphones,5,2924.18,14620.9
2024-01-30,Laptop,18,50088.14,901586.52
2024-01-30,Mouse,11,765.2,8417.2
2024-01-30,Keyboard,20,2384.81,47696.2
2024-01-30,Monitor,11,16965.49,186620.39
2024-01-30,Headphones,11,4718.3,51901.3
2024-01-31,Laptop,17,52948.11,900117.87
2024-01-31,Mouse,20,1145.1,22902.0
2024-01-31,Keyboard,21,2238.78,47014.380000000005
2024-01-31,Monitor,10,16150.93,161509.3
2024-01-31,Headphones,8,3716.01,29728.08
2024-02-01,Laptop,6,45436.04,272616.24
2024-02-01,Mouse,20,1440.46,28809.2
2024-02-01,Keyboard,21,1919.34,40306.14
2024-02-01,Monitor,12,16850.79,202209.48
2024-02-01,Headphones,16,4859.22,77747.52
2024-02-02,Laptop,21,49281.84,1034918.6399999999
2024-02-02,Mouse,11,1072.29,11795.189999999999
2024-02-02,Keyboard,20,2779.51,55590.200000000004
2024-02-02,Monitor,23,16528.49,380155.27
2024-02-02,Headphones,13,2805.42,36470.46
2024-02-03,Laptop,8,46694.93,373559.44
2024-02-03,Mouse,16,894.69,14315.04
2024-02-03,Keyboard,12,2544.04,30528.48
2024-02-03,Monitor,15,15352.08,230281.2
2024-02-03,Headphones,7,3845.02,26915.14
2024-02-04,Laptop,12,48586.47,583037.64
2024-02-04,Mouse,23,1018.33,23421.59
2024-02-04,Keyboard,7,1983.83,13886.81
2024-02-04,Monitor,15,18485.08,277276.2
2024-02-04,Headphones,18,4126.73,74281.13999999998
2024-02-05,Laptop,13,47935.92,623166.96
2024-02-05,Mouse,13,919.78,11957.14
2024-02-05,Keyboard,7,2800.61,19604.27
2024-02-05,Monitor,21,15407.97,323567.37
2024-02-05,Headphones,13,3504.55,45559.15
2024-02-06,Laptop,21,46942.74,985797.5399999999
2024-02-06,Mouse,15,1201.97,18029.55
2024-02-06,Keyboard,22,2835.01,62370.22
2024-02-06,Monitor,13,15138.08,196795.04
2024-02-06,Headphones,7,2281.95,15973.649999999998
2024-02-07,Laptop,13,51720.26,672363.38
2024-02-07,Mouse,8,965.6,7724.8
2024-02-07,Keyboard,23,2972.76,68373.48000000001
2024-02-07,Monitor,12,17954.17,215450.03999999998
2024-02-07,Headphones,12,2750.75,33009.0
2024-02-08,Laptop,17,53226.01,904842.17
2024-02-08,Mouse,12,1037.08,12444.96
2024-02-08,Keyboard,11,2283.36,25116.960000000003
2024-02-08,Monitor,11,16357.71,179934.81
2024-02-08,Headphones,20,3868.67,77373.4
2024-02-09,Laptop,10,53420.23,534202.3
2024-02-09,Mouse,10,911.35,9113.5
2024-02-09,Keyboard,8,2456.14,19649.12
2024-02-09,Monitor,10,15663.73,156637.3
2024-02-09,Headphones,7,3548.9,24842.3
2024-02-10,Laptop,22,45410.68,999034.96
2024-02-10,Mouse,15,770.83,11562.45
2024-02-10,Keyboard,20,2616.06,52321.2
2024-02-10,Monitor,17,15126.75,257154.75
2024-02-10,Headphones,11,2242.62,24668.82
2024-02-11,Laptop,23,51959.74,1195074.02
2024-02-11,Mouse,11,558.19,6140.09
2024-02-11,Keyboard,17,1734.66,29489.22
2024-02-11,Monitor,7,16198.94,113392.58
2024-02-11,Headphones,12,4143.79,49725.479999999996
2024-02-12,Laptop,15,54346.14,815192.1
2024-02-12,Mouse,6,1454.87,8729.22
2024-02-12,Keyboard,13,2485.67,32313.71
2024-02-12,Monitor,11,18058.6,198644.59999999998
2024-02-12,Headphones,13,2143.15,27860.95
2024-02-13,Laptop,17,48559.73,825515.41
2024-02-13,Mouse,11,620.16,6821.759999999999
2024-02-13,Keyboard,21,1674.11,35156.31
2024-02-13,Monitor,11,15470.78,170178.58000000002
2024-02-13,Headphones,22,4566.38,100460.36
2024-02-14,Laptop,10,46753.3,467533.0
2024-02-14,Mouse,17,1263.36,21477.12
2024-02-14,Keyboard,11,2210.21,24312.31
2024-02-14,Monitor,6,17323.37,103940.22
2024-02-14,Headphones,11,3195.51,35150.61
2024-02-15,Laptop,17,54491.46,926354.82
2024-02-15,Mouse,10,545.3,5453.0
2024-02-15,Keyboard,23,1522.96,35028.08
2024-02-15,Monitor,8,17515.68,140125.44
2024-02-15,Headphones,6,3618.13,21708.78
2024-02-16,Laptop,21,46629.34,979216.1399999999
2024-02-16,Mouse,15,1443.89,21658.350000000002
2024-02-16,Keyboard,7,1539.77,10778.39
2024-02-16,Monitor,18,19004.75,342085.5
2024-02-16,Headphones,20,3164.51,63290.200000000004
2024-02-17,Laptop,20,46285.0,925700.0
2024-02-17,Mouse,21,1045.62,21958.019999999997
2024-02-17,Keyboard,11,2438.91,26828.01
2024-02-17,Monitor,6,19805.95,118835.70000000001
2024-02-17,Headphones,17,2620.05,44540.850000000006
2024-02-18,Laptop,21,45693.61,959565.81
2024-02-18,Mouse,23,877.26,20176.98
2024-02-18,Keyboard,21,1641.66,34474.86
2024-02-18,Monitor,8,16682.77,133462.16
2024-02-18,Headphones,17,2956.93,50267.81
2024-02-19,Laptop,17,51816.14,880874.38
2024-02-19,Mouse,22,1314.47,28918.34
2024-02-19,Keyboard,16,2244.06,35904.96
2024-02-19,Monitor,17,18483.69,314222.73
2024-02-19,Headphones,21,4809.94,101008.73999999999
2024-02-20,Laptop,15,52350.71,785260.65
2024-02-20,Mouse,11,1467.58,16143.38
2024-02-20,Keyboard,10,1766.16,17661.600000000002
2024-02-20,Monitor,16,17842.6,285481.6
2024-02-20,Headphones,8,4971.52,39772.16
2024-02-21,Laptop,10,48720.18,487201.8
2024-02-21,Mouse,13,1080.54,14047.02
2024-02-21,Keyboard,13,2896.14,37649.82
2024-02-21,Monitor,11,16192.98,178122.78
2024-02-21,Headphones,13,4252.61,55283.92999999999
2024-02-22,Laptop,16,47382.36,758117.76
2024-02-22,Mouse,22,1402.55,30856.1
2024-02-22,Keyboard,22,2244.84,49386.48
2024-02-22,Monitor,16,16600.25,265604.0
2024-02-22,Headphones,18,2299.95,41399.1
2024-02-23,Laptop,10,45108.38,451083.8
2024-02-23,Mouse,16,1347.14,21554.24
2024-02-23,Keyboard,16,1978.97,31663.52
2024-02-23,Monitor,22,18383.85,404444.69999999995
2024-02-23,Headphones,10,3720.31,37203.1
2024-02-24,Laptop,23,45832.84,1054155.3199999998
2024-02-24,Mouse,11,793.21,8725.310000000001
2024-02-24,Keyboard,16,2330.55,37288.8
2024-02-24,Monitor,11,18761.87,206380.56999999998
2024-02-24,Headphones,13,4343.89,56470.57000000001
2024-02-25,Laptop,13,45912.06,596856.78
2024-02-25,Mouse,17,1474.25,25062.25
2024-02-25,Keyboard,22,2324.29,51134.38
2024-02-25,Monitor,11,18685.18,205536.98
2024-02-25,Headphones,21,3052.75,64107.75
2024-02-26,Laptop,7,54686.52,382805.63999999996
2024-02-26,Mouse,16,1261.51,20184.16
2024-02-26,Keyboard,20,2800.3,56006.0
2024-02-26,Monitor,12,15420.53,185046.36000000002
2024-02-26,Headphones,21,2667.73,56022.33
2024-02-27,Laptop,16,53218.6,851497.6
2024-02-27,Mouse,17,646.6,10992.2
2024-02-27,Keyboard,21,1627.26,34172.46
2024-02-27,Monitor,8,17906.53,143252.24
2024-02-27,Headphones,21,3111.93,65350.53
2024-02-28,Laptop,10,47366.85,473668.5
2024-02-28,Mouse,13,1486.0,19318.0
2024-02-28,Keyboard,10,2025.33,20253.3
2024-02-28,Monitor,20,15417.5,308350.0
2024-02-28,Headphones,21,3133.96,65813.16
2024-02-29,Laptop,13,49242.22,640148.86
2024-02-29,Mouse,17,830.25,14114.25
2024-02-29,Keyboard,22,2238.94,49256.68
2024-02-29,Monitor,21,17026.01,357546.20999999996
2024-02-29,Headphones,22,2168.91,47716.02
2024-03-01,Laptop,20,52671.95,1053439.0
2024-03-01,Mouse,24,1149.21,27581.04
2024-03-01,Keyboard,6,2521.56,15129.36
2024-03-01,Monitor,20,19810.86,396217.2
2024-03-01,Headphones,24,3433.14,82395.36
2024-03-02,Laptop,16,53685.99,858975.84
2024-03-02,Mouse,13,936.34,12172.42
2024-03-02,Keyboard,18,1518.23,27328.14
2024-03-02,Monitor,22,15215.8,334747.6
2024-03-02,Headphones,11,2130.2,23432.199999999997
2024-03-03,Laptop,11,54929.65,604226.15
2024-03-03,Mouse,11,752.99,8282.89
2024-03-03,Keyboard,9,2953.95,26585.55
2024-03-03,Monitor,7,15831.08,110817.56
2024-03-03,Headphones,6,4087.25,24523.5
2024-03-04,Laptop,24,54958.31,1318999.44
2024-03-04,Mouse,13,1084.31,14096.029999999999
2024-03-04,Keyboard,14,1568.17,21954.38
2024-03-04,Monitor,20,19793.51,395870.19999999995
2024-03-04,Headphones,15,3183.57,47753.55
2024-03-05,Laptop,15,51201.33,768019.9500000001
2024-03-05,Mouse,15,669.68,10045.199999999999
2024-03-05,Keyboard,10,2195.55,21955.5
2024-03-05,Monitor,18,16146.97,290645.45999999996
2024-03-05,Headphones,20,2233.2,44664.0
2024-03-06,Laptop,16,47599.5,761592.0
2024-03-06,Mouse,19,1198.16,22765.04
2024-03-06,Keyboard,6,1919.65,11517.900000000001
2024-03-06,Monitor,11,19068.98,209758.78
2024-03-06,Headphones,20,2812.87,56257.399999999994
2024-03-07,Laptop,22,54109.27,1190403.94
2024-03-07,Mouse,22,1440.53,31691.66
2024-03-07,Keyboard,9,2588.58,23297.22
2024-03-07,Monitor,24,19595.88,470301.12
2024-03-07,Headphones,18,4798.19,86367.42
2024-03-08,Laptop,7,50515.88,353611.16
2024-03-08,Mouse,11,526.37,5790.07
2024-03-08,Keyboard,6,2666.4,15998.400000000001
2024-03-08,Monitor,7,19936.38,139554.66
2024-03-08,Headphones,6,3130.22,18781.32
2024-03-09,Laptop,18,48808.91,878560.3800000001
2024-03-09,Mouse,13,1329.16,17279.08
2024-03-09,Keyboard,6,2757.49,16544.94
2024-03-09,Monitor,7,15184.11,106288.77
2024-03-09,Headphones,24,2820.22,67685.28
2024-03-10,Laptop,14,53647.22,751061.0800000001
2024-03-10,Mouse,6,1034.35,6206.099999999999
2024-03-10,Keyboard,11,2994.96,32944.56
2024-03-10,Monitor,11,17925.75,197183.25
2024-03-10,Headphones,11,4834.3,53177.3
2024-03-11,Laptop,18,48778.51,878013.18
2024-03-11,Mouse,11,950.54,10455.939999999999
2024-03-11,Keyboard,23,1877.16,43174.68
2024-03-11,Monitor,22,18030.87,396679.13999999996
2024-03-11,Headphones,23,4634.66,106597.18
2024-03-12,Laptop,15,51181.28,767719.2
2024-03-12,Mouse,20,768.67,15373.4
2024-03-12,Keyboard,14,2507.36,35103.04
2024-03-12,Monitor,7,17381.05,121667.34999999999
2024-03-12,Headphones,9,3560.49,32044.409999999996
2024-03-13,Laptop,20,53163.86,1063277.2
2024-03-13,Mouse,20,1060.94,21218.800000000003
2024-03-13,Keyboard,23,2687.73,61817.79
2024-03-13,Monitor,6,15670.08,94020.48
2024-03-13,Headphones,24,3261.61,78278.64
2024-03-14,Laptop,11,51203.1,563234.1
2024-03-14,Mouse,7,1305.04,9135.279999999999
2024-03-14,Keyboard,14,1704.56,23863.84
2024-03-14,Monitor,20,19902.31,398046.2
2024-03-14,Headphones,7,3769.75,26388.25
2024-03-15,Laptop,23,50548.16,1162607.6800000002
2024-03-15,Mouse,9,1404.16,12637.44
2024-03-15,Keyboard,10,2321.17,23211.7
2024-03-15,Monitor,6,18918.27,113509.62
2024-03-15,Headphones,20,2893.88,57877.600000000006
2024-03-16,Laptop,18,53623.64,965225.52
2024-03-16,Mouse,11,1296.47,14261.17
2024-03-16,Keyboard,18,2889.88,52017.840000000004
2024-03-16,Monitor,18,18844.59,339202.62
2024-03-16,Headphones,10,3377.41,33774.1
2024-03-17,Laptop,7,51208.06,358456.42
2024-03-17,Mouse,7,828.75,5801.25
2024-03-17,Keyboard,19,2369.47,45019.92999999999
2024-03-17,Monitor,19,15379.32,292207.08
2024-03-17,Headphones,16,3380.36,54085.76
2024-03-18,Laptop,24,49003.0,1176072.0
2024-03-18,Mouse,15,680.07,10201.050000000001
2024-03-18,Keyboard,10,2018.5,20185.0
2024-03-18,Monitor,9,19371.59,174344.31
2024-03-18,Headphones,19,4002.67,76050.73
2024-03-19,Laptop,7,51019.35,357135.45
2024-03-19,Mouse,9,540.87,4867.83
2024-03-19,Keyboard,11,2017.62,22193.82
2024-03-19,Monitor,18,15885.05,285930.89999999997
2024-03-19,Headphones,11,3646.15,40107.65
2024-03-20,Laptop,11,49607.79,545685.6900000001
2024-03-20,Mouse,18,1394.22,25095.96
2024-03-20,Keyboard,6,2255.13,13530.78
2024-03-20,Monitor,22,16607.91,365374.02
2024-03-20,Headphones,18,4398.23,79168.13999999998
2024-03-21,Laptop,16,51877.85,830045.6
2024-03-21,Mouse,15,1373.58,20603.699999999997
2024-03-21,Keyboard,24,2065.93,49582.31999999999
2024-03-21,Monitor,6,16384.39,98306.34
2024-03-21,Headphones,6,2253.55,13521.300000000001
2024-03-22,Laptop,9,46845.21,421606.89
2024-03-22,Mouse,24,1036.59,24878.159999999996
2024-03-22,Keyboard,15,2226.78,33401.700000000004
2024-03-22,Monitor,18,18799.78,338396.04
2024-03-22,Headphones,23,3387.6,77914.8
2024-03-23,Laptop,22,45623.41,1003715.02
2024-03-23,Mouse,19,752.44,14296.36
2024-03-23,Keyboard,14,2530.75,35430.5
2024-03-23,Monitor,14,17558.39,245817.46
2024-03-23,Headphones,24,2091.42,50194.08
2024-03-24,Laptop,7,49474.12,346318.84
2024-03-24,Mouse,9,897.16,8074.44
2024-03-24,Keyboard,16,2606.11,41697.76
2024-03-24,Monitor,20,15100.36,302007.2
2024-03-24,Headphones,16,4522.13,72354.08
2024-03-25,Laptop,13,48274.97,627574.61
2024-03-25,Mouse,20,733.22,14664.400000000001
2024-03-25,Keyboard,22,2390.39,52588.579999999994
2024-03-25,Monitor,10,16775.52,167755.2
2024-03-25,Headphones,16,3495.33,55925.28
2024-03-26,Laptop,24,50841.99,1220207.76
2024-03-26,Mouse,13,1086.84,14128.919999999998
2024-03-26,Keyboard,15,2379.8,35697.0
2024-03-26,Monitor,20,15637.9,312758.0
2024-03-26,Headphones,16,3012.34,48197.44
2024-03-27,Laptop,10,51459.17,514591.69999999995
2024-03-27,Mouse,7,744.35,5210.45
2024-03-27,Keyboard,19,2979.77,56615.63
2024-03-27,Monitor,11,19668.46,216353.06
2024-03-27,Headphones,11,2305.35,25358.85
2024-03-28,Laptop,13,48653.57,632496.41
2024-03-28,Mouse,10,1350.82,13508.199999999999
2024-03-28,Keyboard,23,1927.64,44335.72
2024-03-28,Monitor,24,15278.27,366678.48
2024-03-28,Headphones,16,2240.7,35851.2
2024-03-29,Laptop,9,45182.42,406641.77999999997
2024-03-29,Mouse,11,1482.38,16306.18
2024-03-29,Keyboard,24,2844.92,68278.08
2024-03-29,Monitor,10,19847.35,198473.5
2024-03-29,Headphones,10,2015.9,20159.0
2024-03-30,Laptop,13,47579.03,618527.39
2024-03-30,Mouse,15,1222.9,18343.5
2024-03-30,Keyboard,23,2894.06,66563.38
2024-03-30,Monitor,24,17675.18,424204.32
2024-03-30,Headphones,18,2839.94,51118.92
2024-03-31,Laptop,20,47050.78,941015.6
2024-03-31,Mouse,18,823.68,14826.24
2024-03-31,Keyboard,9,1799.26,16193.34
2024-03-31,Monitor,10,16212.05,162120.5
2024-03-31,Headphones,24,4121.69,98920.56
2024-04-01,Laptop,22,47886.31,1053498.8199999998
2024-04-01,Mouse,11,1006.1,11067.1
2024-04-01,Keyboard,23,2221.71,51099.33
2024-04-01,Monitor,18,17969.42,323449.55999999994
2024-04-01,Headphones,12,3009.81,36117.72
2024-04-02,Laptop,17,50486.03,858262.51
2024-04-02,Mouse,17,1489.96,25329.32
2024-04-02,Keyboard,21,2526.86,53064.060000000005
2024-04-02,Monitor,10,16273.2,162732.0
2024-04-02,Headphones,11,2008.13,22089.43
2024-04-03,Laptop,16,50956.39,815302.24
2024-04-03,Mouse,15,1106.1,16591.5
2024-04-03,Keyboard,8,2023.3,16186.4
2024-04-03,Monitor,6,19253.64,115521.84
2024-04-03,Headphones,20,4895.08,97901.6
2024-04-04,Laptop,22,54329.38,1195246.3599999999
2024-04-04,Mouse,18,1438.34,25890.12
2024-04-04,Keyboard,20,2068.84,41376.8
2024-04-04,Monitor,6,18705.6,112233.59999999999
2024-04-04,Headphones,12,2144.28,25731.36
2024-04-05,Laptop,21,46397.72,974352.12
2024-04-05,Mouse,16,1250.5,20008.0
2024-04-05,Keyboard,20,1745.48,34909.6
2024-04-05,Monitor,11,15932.02,175252.22
2024-04-05,Headphones,8,3995.59,31964.72
2024-04-06,Laptop,17,54078.66,919337.2200000001
2024-04-06,Mouse,16,1377.2,22035.2
2024-04-06,Keyboard,16,2524.47,40391.52
2024-04-06,Monitor,15,17195.67,257935.05
2024-04-06,Headphones,22,4699.0,103378.0
2024-04-07,Laptop,21,48013.78,1008289.38
2024-04-07,Mouse,13,938.74,12203.62
2024-04-07,Keyboard,6,1848.32,11089.92
2024-04-07,Monitor,6,16957.41,101744.45999999999
2024-04-07,Headphones,7,3630.66,25414.62
2024-04-08,Laptop,15,47290.25,709353.75
2024-04-08,Mouse,13,616.9,8019.7
2024-04-08,Keyboard,12,1999.22,23990.64
2024-04-08,Monitor,8,16674.53,133396.24
2024-04-08,Headphones,10,4382.08,43820.8
2024-04-09,Laptop,21,49954.24,1049039.04
2024-04-09,Mouse,22,1393.89,30665.58
2024-04-09,Keyboard,10,2996.54,29965.4
2024-04-09,Monitor,16,16558.61,264937.76
2024-04-09,Headphones,11,4335.72,47692.920000000006
2024-04-10,Laptop,6,45335.32,272011.92
2024-04-10,Mouse,12,1214.06,14568.72
2024-04-10,Keyboard,11,2815.15,30966.65
2024-04-10,Monitor,6,15514.58,93087.48
2024-04-10,Headphones,21,2331.9,48969.9
2024-04-11,Laptop,10,49570.0,495700.0
2024-04-11,Mouse,10,897.29,8972.9
2024-04-11,Keyboard,21,2309.79,48505.59
2024-04-11,Monitor,21,16146.26,339071.46
2024-04-11,Headphones,20,4315.65,86313.0
2024-04-12,Laptop,18,51411.48,925406.64
2024-04-12,Mouse,8,1065.51,8524.08
2024-04-12,Keyboard,17,1877.7,31920.9
2024-04-12,Monitor,11,19133.99,210473.89
2024-04-12,Headphones,22,4725.35,103957.70000000001
2024-04-13,Laptop,12,47273.51,567282.12
2024-04-13,Mouse,13,962.01,12506.13
2024-04-13,Keyboard,22,2422.43,53293.46
2024-04-13,Monitor,17,17931.15,304829.55000000005
2024-04-13,Headphones,22,2302.38,50652.36
2024-04-14,Laptop,6,45181.1,271086.6
2024-04-14,Mouse,20,1092.96,21859.2
2024-04-14,Keyboard,20,2347.7,46954.0
2024-04-14,Monitor,10,18950.42,189504.19999999998
2024-04-14,Headphones,11,4121.72,45338.920000000006
2024-04-15,Laptop,17,52712.47,896111.99
2024-04-15,Mouse,23,1106.72,25454.56
2024-04-15,Keyboard,12,1615.98,19391.760000000002
2024-04-15,Monitor,22,19671.84,432780.48
2024-04-15,Headphones,12,4732.06,56784.72
2024-04-16,Laptop,6,46132.38,276794.27999999997
2024-04-16,Mouse,11,665.52,7320.719999999999
2024-04-16,Keyboard,10,1686.99,16869.9
2024-04-16,Monitor,16,16660.73,266571.68
2024-04-16,Headphones,12,3556.51,42678.12
2024-04-17,Laptop,15,51078.94,766184.1000000001
2024-04-17,Mouse,23,554.76,12759.48
2024-04-17,Keyboard,16,1808.37,28933.92
2024-04-17,Monitor,16,15023.16,240370.56
2024-04-17,Headphones,16,2342.8,37484.8
2024-04-18,Laptop,10,50373.96,503739.6
2024-04-18,Mouse,18,1422.96,25613.28
2024-04-18,Keyboard,13,2020.43,26265.59
2024-04-18,Monitor,7,19592.27,137145.89
2024-04-18,Headphones,18,2098.54,37773.72
2024-04-19,Laptop,18,46408.57,835354.26
2024-04-19,Mouse,15,1077.63,16164.45
2024-04-19,Keyboard,10,2128.39,21283.899999999998
2024-04-19,Monitor,15,16557.37,248360.55
2024-04-19,Headphones,21,3741.77,78577.17
2024-04-20,Laptop,12,47200.97,566411.64
2024-04-20,Mouse,7,1163.54,8144.78
2024-04-20,Keyboard,13,2963.31,38523.03
2024-04-20,Monitor,16,15743.31,251892.96
2024-04-20,Headphones,12,4581.9,54982.799999999996
2024-04-21,Laptop,23,54968.74,1264281.02
2024-04-21,Mouse,6,799.6,4797.6
2024-04-21,Keyboard,21,2095.98,44015.58
2024-04-21,Monitor,8,16049.53,128396.24
2024-04-21,Headphones,8,3048.16,24385.28
2024-04-22,Laptop,22,46906.88,1031951.36
2024-04-22,Mouse,21,877.73,18432.33
2024-04-22,Keyboard,15,2381.18,35717.7
2024-04-22,Monitor,6,18877.64,113265.84
2024-04-22,Headphones,23,3582.94,82407.62
2024-04-23,Laptop,12,49407.63,592891.5599999999
2024-04-23,Mouse,7,997.01,6979.07
2024-04-23,Keyboard,8,1732.86,13862.88
2024-04-23,Monitor,6,16671.81,100030.86000000002
2024-04-23,Headphones,13,4838.35,62898.55
2024-04-24,Laptop,17,47707.45,811026.6499999999
2024-04-24,Mouse,22,1026.58,22584.76
2024-04-24,Keyboard,6,1538.08,9228.48
2024-04-24,Monitor,20,19198.94,383978.8
2024-04-24,Headphones,13,3976.77,51698.01
2024-04-25,Laptop,6,50517.23,303103.38
2024-04-25,Mouse,8,731.07,5848.56
2024-04-25,Keyboard,18,2258.26,40648.68000000001
2024-04-25,Monitor,15,15520.54,232808.1
2024-04-25,Headphones,23,3708.33,85291.59
2024-04-26,Laptop,8,51527.46,412219.68
2024-04-26,Mouse,23,1220.81,28078.629999999997
2024-04-26,Keyboard,8,1864.76,14918.08
2024-04-26,Monitor,22,18015.99,396351.78
2024-04-26,Headphones,22,4490.66,98794.51999999999
2024-04-27,Laptop,10,54444.1,544441.0
2024-04-27,Mouse,12,704.98,8459.76
2024-04-27,Keyboard,23,1985.99,45677.77
2024-04-27,Monitor,7,15065.01,105455.07
2024-04-27,Headphones,13,4207.71,54700.23
2024-04-28,Laptop,11,45265.32,497918.52
2024-04-28,Mouse,21,1376.44,28905.24
2024-04-28,Keyboard,21,2132.14,44774.939999999995
2024-04-28,Monitor,7,19553.12,136871.84
2024-04-28,Headphones,11,3025.45,33279.95
2024-04-29,Laptop,17,53251.07,905268.19
2024-04-29,Mouse,8,1090.29,8722.32
2024-04-29,Keyboard,20,2745.98,54919.6
2024-04-29,Monitor,11,17047.06,187517.66
2024-04-29,Headphones,22,3088.27,67941.94
2024-04-30,Laptop,11,47944.66,527391.26
2024-04-30,Mouse,10,1474.55,14745.5
2024-04-30,Keyboard,20,1710.17,34203.4
2024-04-30,Monitor,17,17828.88,303090.96
2024-04-30,Headphones,18,4683.66,84305.88
2024-05-01,Laptop,5,49847.78,249238.9
2024-05-01,Mouse,5,768.68,3843.3999999999996
2024-05-01,Keyboard,13,2548.27,33127.51
2024-05-01,Monitor,14,16289.44,228052.16
2024-05-01,Headphones,11,3935.16,43286.759999999995
2024-05-02,Laptop,20,54844.02,1096880.4
2024-05-02,Mouse,16,1400.57,22409.12
2024-05-02,Keyboard,6,1908.46,11450.76
2024-05-02,Monitor,17,19112.92,324919.63999999996
2024-05-02,Headphones,10,4445.16,44451.6
2024-05-03,Laptop,14,47740.55,668367.7000000001
2024-05-03,Mouse,5,905.25,4526.25
2024-05-03,Keyboard,11,2744.61,30190.710000000003
2024-05-03,Monitor,12,15532.89,186394.68
2024-05-03,Headphones,11,2410.66,26517.26
2024-05-04,Laptop,14,47664.98,667309.7200000001
2024-05-04,Mouse,17,1097.41,18655.97
2024-05-04,Keyboard,18,2449.65,44093.700000000004
2024-05-04,Monitor,10,15876.86,158768.6
2024-05-04,Headphones,19,4514.32,85772.07999999999
2024-05-05,Laptop,10,48831.39,488313.9
2024-05-05,Mouse,16,922.04,14752.64
2024-05-05,Keyboard,6,1749.43,10496.58
2024-05-05,Monitor,17,15921.85,270671.45
2024-05-05,Headphones,10,3809.46,38094.6
2024-05-06,Laptop,16,45682.5,730920.0
2024-05-06,Mouse,17,788.69,13407.730000000001
2024-05-06,Keyboard,9,2578.57,23207.13
2024-05-06,Monitor,12,18052.02,216624.24
2024-05-06,Headphones,11,3428.15,37709.65
2024-05-07,Laptop,21,54540.87,1145358.27
2024-05-07,Mouse,11,1232.57,13558.269999999999
2024-05-07,Keyboard,5,1904.87,9524.349999999999
2024-05-07,Monitor,21,16311.32,342537.72
2024-05-07,Headphones,8,4524.59,36196.72
2024-05-08,Laptop,5,49963.66,249818.30000000002
2024-05-08,Mouse,19,654.67,12438.73
2024-05-08,Keyboard,14,2656.37,37189.18
2024-05-08,Monitor,10,16721.92,167219.19999999998
2024-05-08,Headphones,13,4184.57,54399.409999999996
2024-05-09,Laptop,14,52049.26,728689.64
2024-05-09,Mouse,13,934.83,12152.79
2024-05-09,Keyboard,12,1613.9,19366.800000000003
2024-05-09,Monitor,6,18997.08,113982.48000000001
2024-05-09,Headphones,18,4903.1,88255.8
2024-05-10,Laptop,11,50902.31,559925.4099999999
2024-05-10,Mouse,8,814.6,6516.8
2024-05-10,Keyboard,17,2875.97,48891.49
2024-05-10,Monitor,19,18950.07,360051.33
2024-05-10,Headphones,14,3338.02,46732.28
2024-05-11,Laptop,21,45867.05,963208.05
2024-05-11,Mouse,13,1258.39,16359.070000000002
2024-05-11,Keyboard,21,2709.84,56906.64
2024-05-11,Monitor,12,18620.52,223446.24
2024-05-11,Headphones,11,4941.73,54359.03
2024-05-12,Laptop,6,49894.25,299365.5
2024-05-12,Mouse,21,1193.18,25056.780000000002
2024-05-12,Keyboard,14,2916.09,40825.26
2024-05-12,Monitor,21,15220.83,319637.43
2024-05-12,Headphones,12,4998.06,59976.72
2024-05-13,Laptop,16,50679.45,810871.2
2024-05-13,Mouse,16,812.85,13005.6
2024-05-13,Keyboard,21,2546.13,53468.73
2024-05-13,Monitor,14,15963.0,223482.0
2024-05-13,Headphones,13,4913.17,63871.21
2024-05-14,Laptop,12,52953.42,635441.04
2024-05-14,Mouse,21,1362.04,28602.84
2024-05-14,Keyboard,12,2182.72,26192.64
2024-05-14,Monitor,17,19144.58,325457.86000000004
2024-05-14,Headphones,5,3950.5,19752.5
2024-05-15,Laptop,13,47300.09,614901.1699999999
2024-05-15,Mouse,18,981.06,17659.079999999998
2024-05-15,Keyboard,8,2544.43,20355.44
2024-05-15,Monitor,13,17205.16,223667.08
2024-05-15,Headphones,12,2196.07,26352.840000000004
2024-05-16,Laptop,21,53039.77,1113835.17
2024-05-16,Mouse,9,1290.72,11616.48
2024-05-16,Keyboard,14,2606.78,36494.920000000006
2024-05-16,Monitor,5,19429.89,97149.45
2024-05-16,Headphones,16,4630.0,74080.0
2024-05-17,Laptop,6,45244.01,271464.06
2024-05-17,Mouse,16,1490.34,23845.44
2024-05-17,Keyboard,17,2812.05,47804.850000000006
2024-05-17,Monitor,19,16919.82,321476.58
2024-05-17,Headphones,8,2210.09,17680.72
2024-05-18,Laptop,20,48507.12,970142.4
2024-05-18,Mouse,20,588.54,11770.8
2024-05-18,Keyboard,20,2219.81,44396.2
2024-05-18,Monitor,14,17903.79,250653.06
2024-05-18,Headphones,18,4952.25,89140.5
2024-05-19,Laptop,16,45916.99,734671.84
2024-05-19,Mouse,21,921.36,19348.56
2024-05-19,Keyboard,10,2598.41,25984.1
2024-05-19,Monitor,5,15552.37,77761.85
2024-05-19,Headphones,20,2891.01,57820.200000000004
2024-05-20,Laptop,6,47963.08,287778.48
2024-05-20,Mouse,20,1089.11,21782.199999999997
2024-05-20,Keyboard,5,2865.51,14327.550000000001
2024-05-20,Monitor,21,17138.87,359916.26999999996
2024-05-20,Headphones,5,3174.89,15874.449999999999
2024-05-21,Laptop,9,47182.54,424642.86
2024-05-21,Mouse,16,1297.99,20767.84
2024-05-21,Keyboard,10,1634.12,16341.199999999999
2024-05-21,Monitor,11,19911.65,219028.15000000002
2024-05-21,Headphones,21,4834.2,101518.2
2024-05-22,Laptop,17,54037.24,918633.08
2024-05-22,Mouse,6,667.03,4002.18
2024-05-22,Keyboard,9,1597.48,14377.32
2024-05-22,Monitor,13,19713.66,256277.58
2024-05-22,Headphones,21,2691.71,56525.91
2024-05-23,Laptop,8,50126.89,401015.12
2024-05-23,Mouse,16,546.95,8751.2
2024-05-23,Keyboard,14,1830.73,25630.22
2024-05-23,Monitor,5,19786.35,98931.75
2024-05-23,Headphones,13,3050.38,39654.94
2024-05-24,Laptop,10,51297.78,512977.8
2024-05-24,Mouse,12,1383.79,16605.48
2024-05-24,Keyboard,8,2395.91,19167.28
2024-05-24,Monitor,5,15869.48,79347.4
2024-05-24,Headphones,16,3545.74,56731.84
2024-05-25,Laptop,6,51960.21,311761.26
2024-05-25,Mouse,13,1397.44,18166.72
2024-05-25,Keyboard,8,1836.66,14693.28
2024-05-25,Monitor,13,18739.36,243611.68
2024-05-25,Headphones,14,3778.82,52903.48
2024-05-26,Laptop,20,53601.27,1072025.4
2024-05-26,Mouse,17,1377.46,23416.82
2024-05-26,Keyboard,8,1909.44,15275.52
2024-05-26,Monitor,19,19443.74,369431.06000000006
2024-05-26,Headphones,14,4556.58,63792.119999999995
2024-05-27,Laptop,16,53095.16,849522.56
2024-05-27,Mouse,13,1431.59,18610.67
2024-05-27,Keyboard,17,1630.48,27718.16
2024-05-27,Monitor,13,16263.25,211422.25
2024-05-27,Headphones,11,2779.26,30571.86
2024-05-28,Laptop,10,45487.84,454878.39999999997
2024-05-28,Mouse,6,581.05,3486.2999999999997
2024-05-28,Keyboard,18,1664.2,29955.600000000002
2024-05-28,Monitor,18,15380.65,276851.7
2024-05-28,Headphones,5,2184.55,10922.75
2024-05-29,Laptop,19,49805.87,946311.53
2024-05-29,Mouse,19,1406.51,26723.69
2024-05-29,Keyboard,8,2021.71,16173.68
2024-05-29,Monitor,6,17718.89,106313.34
2024-05-29,Headphones,19,2801.08,53220.52
2024-05-30,Laptop,11,50212.6,552338.6
2024-05-30,Mouse,13,745.29,9688.77
2024-05-30,Keyboard,17,2800.94,47615.98
2024-05-30,Monitor,14,16670.04,233380.56
2024-05-30,Headphones,19,4092.41,77755.79
2024-05-31,Laptop,16,46058.34,736933.44
2024-05-31,Mouse,17,1252.72,21296.24
2024-05-31,Keyboard,12,2822.46,33869.520000000004
2024-05-31,Monitor,19,19359.22,367825.18000000005
2024-05-31,Headphones,8,4637.21,37097.68
2024-06-01,Laptop,14,46288.7,648041.7999999999
2024-06-01,Mouse,15,728.63,10929.45
2024-06-01,Keyboard,11,1741.14,19152.54
2024-06-01,Monitor,8,17780.91,142247.28
2024-06-01,Headphones,17,3522.4,59880.8
2024-06-02,Laptop,11,46931.33,516244.63
2024-06-02,Mouse,17,1116.93,18987.81
2024-06-02,Keyboard,5,2339.77,11698.85
2024-06-02,Monitor,12,16299.02,195588.24
2024-06-02,Headphones,16,2027.22,32435.52
2024-06-03,Laptop,17,52798.45,897573.6499999999
2024-06-03,Mouse,10,783.34,7833.400000000001
2024-06-03,Keyboard,11,2311.9,25430.9
2024-06-03,Monitor,6,16709.36,100256.16
2024-06-03,Headphones,16,2538.49,40615.84
2024-06-04,Laptop,9,46025.1,414225.89999999997
2024-06-04,Mouse,8,673.75,5390.0
2024-06-04,Keyboard,8,1601.76,12814.08
2024-06-04,Monitor,15,15831.89,237478.34999999998
2024-06-04,Headphones,16,2202.05,35232.8
2024-06-05,Laptop,14,49735.74,696300.36
2024-06-05,Mouse,10,1120.92,11209.2
2024-06-05,Keyboard,15,2778.62,41679.299999999996
2024-06-05,Monitor,18,19867.44,357613.92
2024-06-05,Headphones,17,3337.87,56743.79
2024-06-06,Laptop,15,46300.86,694512.9
2024-06-06,Mouse,17,883.61,15021.37
2024-06-06,Keyboard,17,1533.19,26064.23
2024-06-06,Monitor,10,16859.17,168591.69999999998
2024-06-06,Headphones,7,2757.53,19302.710000000003
2024-06-07,Laptop,11,49459.03,544049.33
2024-06-07,Mouse,18,968.54,17433.72
2024-06-07,Keyboard,8,2139.27,17114.16
2024-06-07,Monitor,17,19271.05,327607.85
2024-06-07,Headphones,19,4384.43,83304.17000000001
2024-06-08,Laptop,17,47983.74,815723.58
2024-06-08,Mouse,6,1272.82,7636.92
2024-06-08,Keyboard,8,2481.77,19854.16
2024-06-08,Monitor,15,19340.27,290104.05
2024-06-08,Headphones,18,2453.17,44157.06
2024-06-09,Laptop,16,52312.7,837003.2
2024-06-09,Mouse,19,919.73,17474.87
2024-06-09,Keyboard,15,2946.78,44201.700000000004
2024-06-09,Monitor,7,16371.08,114597.56
2024-06-09,Headphones,7,2935.86,20551.02
2024-06-10,Laptop,14,53940.99,755173.86
2024-06-10,Mouse,19,1245.84,23670.96
2024-06-10,Keyboard,7,1546.7,10826.9
2024-06-10,Monitor,13,18574.62,241470.06
2024-06-10,Headphones,6,4593.07,27558.42
2024-06-11,Laptop,15,54681.93,820228.95
2024-06-11,Mouse,18,703.7,12666.6
2024-06-11,Keyboard,17,2664.9,45303.3
2024-06-11,Monitor,19,17268.47,328100.93000000005
2024-06-11,Headphones,6,4283.07,25698.42
2024-06-12,Laptop,7,52967.98,370775.86000000004
2024-06-12,Mouse,16,532.53,8520.48
2024-06-12,Keyboard,16,2951.27,47220.32
2024-06-12,Monitor,8,18982.69,151861.52
2024-06-12,Headphones,13,2003.7,26048.100000000002
2024-06-13,Laptop,11,46251.86,508770.46
2024-06-13,Mouse,16,747.54,11960.64
2024-06-13,Keyboard,13,1800.79,23410.27
2024-06-13,Monitor,13,15804.13,205453.69
2024-06-13,Headphones,10,3745.91,37459.1
2024-06-14,Laptop,9,50902.64,458123.76
2024-06-14,Mouse,12,810.36,9724.32
2024-06-14,Keyboard,17,1724.37,29314.289999999997
2024-06-14,Monitor,9,15362.23,138260.07
2024-06-14,Headphones,6,3439.82,20638.920000000002
2024-06-15,Laptop,19,52218.88,992158.72
2024-06-15,Mouse,15,1194.98,17924.7
2024-06-15,Keyboard,5,2928.97,14644.849999999999
2024-06-15,Monitor,13,15198.09,197575.17
2024-06-15,Headphones,10,4247.48,42474.799999999996
2024-06-16,Laptop,13,47420.45,616465.85
2024-06-16,Mouse,13,1070.9,13921.7
2024-06-16,Keyboard,19,2248.33,42718.27
2024-06-16,Monitor,10,16051.75,160517.5
2024-06-16,Headphones,5,3678.95,18394.75
2024-06-17,Laptop,6,48264.61,289587.66000000003
2024-06-17,Mouse,6,1034.24,6205.4400000000005
2024-06-17,Keyboard,13,2025.94,26337.22
2024-06-17,Monitor,5,19122.57,95612.85
2024-06-17,Headphones,14,3190.77,44670.78
2024-06-18,Laptop,6,54774.66,328647.96
2024-06-18,Mouse,14,1189.46,16652.440000000002
2024-06-18,Keyboard,6,2732.16,16392.96
2024-06-18,Monitor,14,15837.41,221723.74
2024-06-18,Headphones,5,4854.65,24273.25
2024-06-19,Laptop,17,52064.76,885100.92
2024-06-19,Mouse,10,1094.78,10947.8
2024-06-19,Keyboard,13,1577.96,20513.48
2024-06-19,Monitor,13,18545.3,241088.9
2024-06-19,Headphones,12,4842.05,58104.600000000006
2024-06-20,Laptop,16,53017.28,848276.48
2024-06-20,Mouse,18,1112.26,20020.68
2024-06-20,Keyboard,19,1620.17,30783.230000000003
2024-06-20,Monitor,8,17765.01,142120.08
2024-06-20,Headphones,10,4451.89,44518.9
2024-06-21,Laptop,14,49809.04,697326.56
2024-06-21,Mouse,19,1026.4,19501.600000000002
2024-06-21,Keyboard,14,2157.91,30210.739999999998
2024-06-21,Monitor,6,15301.76,91810.56
2024-06-21,Headphones,11,3950.88,43459.68
2024-06-22,Laptop,13,53717.84,698331.9199999999
2024-06-22,Mouse,14,829.02,11606.279999999999
2024-06-22,Keyboard,18,2005.34,36096.119999999995
2024-06-22,Monitor,12,19359.16,232309.91999999998
2024-06-22,Headphones,9,3976.12,35785.08
2024-06-23,Laptop,7,46616.73,326317.11000000004
2024-06-23,Mouse,10,1219.2,12192.0
2024-06-23,Keyboard,10,1998.47,19984.7
2024-06-23,Monitor,12,19873.97,238487.64
2024-06-23,Headphones,7,2244.58,15712.06
2024-06-24,Laptop,7,51802.28,362615.95999999996
2024-06-24,Mouse,17,918.4,15612.8
2024-06-24,Keyboard,19,1886.52,35843.88
2024-06-24,Monitor,16,15870.97,253935.52
2024-06-24,Headphones,9,4181.51,37633.590000000004
2024-06-25,Laptop,17,53462.45,908861.6499999999
2024-06-25,Mouse,9,845.93,7613.37
2024-06-25,Keyboard,16,2651.59,42425.44
2024-06-25,Monitor,16,15200.55,243208.8
2024-06-25,Headphones,5,3541.99,17709.949999999997
2024-06-26,Laptop,13,49386.15,642019.9500000001
2024-06-26,Mouse,9,895.52,8059.68
2024-06-26,Keyboard,8,2810.13,22481.04
2024-06-26,Monitor,6,18964.78,113788.68
2024-06-26,Headphones,11,2830.48,31135.28
2024-06-27,Laptop,7,47838.55,334869.85000000003
2024-06-27,Mouse,17,710.66,12081.22
2024-06-27,Keyboard,17,2198.72,37378.24
2024-06-27,Monitor,9,18665.57,167990.13
2024-06-27,Headphones,7,4328.0,30296.0
2024-06-28,Laptop,8,54090.33,432722.64
2024-06-28,Mouse,11,1132.54,12457.939999999999
2024-06-28,Keyboard,18,2957.09,53227.62
2024-06-28,Monitor,11,17065.16,187716.76
2024-06-28,Headphones,10,3476.83,34768.3
2024-06-29,Laptop,18,45973.93,827530.74
2024-06-29,Mouse,17,945.31,16070.269999999999
2024-06-29,Keyboard,12,2369.12,28429.44
2024-06-29,Monitor,8,17964.75,143718.0
2024-06-29,Headphones,10,3956.37,39563.7
2024-06-30,Laptop,13,54694.12,711023.56
2024-06-30,Mouse,6,1357.99,8147.9400000000005
2024-06-30,Keyboard,9,1987.79,17890.11
2024-06-30,Monitor,12,17993.57,215922.84
2024-06-30,Headphones,8,4909.46,39275.68
2024-07-01,Laptop,16,47346.74,757547.84
2024-07-01,Mouse,11,573.5,6308.5
2024-07-01,Keyboard,15,1996.33,29944.949999999997
2024-07-01,Monitor,14,16685.02,233590.28
2024-07-01,Headphones,15,2437.27,36559.05
2024-07-02,Laptop,7,47487.14,332409.98
2024-07-02,Mouse,12,1448.58,17382.96
2024-07-02,Keyboard,11,1750.56,19256.16
2024-07-02,Monitor,6,16896.79,101380.74
2024-07-02,Headphones,12,4209.21,50510.520000000004
2024-07-03,Laptop,7,50335.12,352345.84
2024-07-03,Mouse,4,1344.17,5376.68
2024-07-03,Keyboard,13,2169.55,28204.15
2024-07-03,Monitor,16,19341.36,309461.76
2024-07-03,Headphones,13,3619.72,47056.36
2024-07-04,Laptop,6,47697.5,286185.0
2024-07-04,Mouse,5,622.97,3114.8500000000004
2024-07-04,Keyboard,7,2904.91,20334.37
2024-07-04,Monitor,14,18200.01,254800.13999999998
2024-07-04,Headphones,5,3356.6,16783.0
2024-07-05,Laptop,7,45885.56,321198.92
2024-07-05,Mouse,4,1007.23,4028.92
2024-07-05,Keyboard,15,2532.31,37984.65
2024-07-05,Monitor,6,19933.15,119598.90000000001
2024-07-05,Headphones,10,4057.9,40579.0
2024-07-06,Laptop,15,54518.12,817771.8
2024-07-06,Mouse,5,1473.1,7365.5
2024-07-06,Keyboard,9,2182.11,19638.99
2024-07-06,Monitor,16,17608.65,281738.4
2024-07-06,Headphones,9,4000.59,36005.31
2024-07-07,Laptop,6,46257.42,277544.52
2024-07-07,Mouse,15,807.93,12118.949999999999
2024-07-07,Keyboard,5,1802.78,9013.9
2024-07-07,Monitor,9,15811.91,142307.19
2024-07-07,Headphones,7,2281.7,15971.899999999998
2024-07-08,Laptop,10,46561.64,465616.4
2024-07-08,Mouse,8,1368.14,10945.12
2024-07-08,Keyboard,8,1882.96,15063.68
2024-07-08,Monitor,4,19190.58,76762.32
2024-07-08,Headphones,11,3122.89,34351.79
2024-07-09,Laptop,15,49971.75,749576.25
2024-07-09,Mouse,4,1330.88,5323.52
2024-07-09,Keyboard,16,2355.91,37694.56
2024-07-09,Monitor,13,15565.55,202352.15
2024-07-09,Headphones,11,4068.58,44754.38
2024-07-10,Laptop,4,51006.1,204024.4
2024-07-10,Mouse,16,1158.89,18542.24
2024-07-10,Keyboard,7,2500.46,17503.22
2024-07-10,Monitor,11,15532.97,170862.66999999998
2024-07-10,Headphones,13,2477.86,32212.18
2024-07-11,Laptop,8,48181.12,385448.96
2024-07-11,Mouse,4,906.91,3627.64
2024-07-11,Keyboard,14,2673.58,37430.119999999995
2024-07-11,Monitor,14,16443.43,230208.02000000002
2024-07-11,Headphones,12,4635.55,55626.600000000006
2024-07-12,Laptop,14,52651.91,737126.74
2024-07-12,Mouse,6,1167.59,7005.539999999999
2024-07-12,Keyboard,8,2852.06,22816.48
2024-07-12,Monitor,14,18989.07,265846.98
2024-07-12,Headphones,5,4606.7,23033.5
2024-07-13,Laptop,4,46202.09,184808.36
2024-07-13,Mouse,8,1149.07,9192.56
2024-07-13,Keyboard,7,1986.88,13908.16
2024-07-13,Monitor,13,18049.16,234639.08
2024-07-13,Headphones,16,4086.4,65382.4
2024-07-14,Laptop,13,50485.0,656305.0
2024-07-14,Mouse,4,737.54,2950.16
2024-07-14,Keyboard,4,2166.63,8666.52
2024-07-14,Monitor,8,15365.98,122927.84
2024-07-14,Headphones,5,2505.33,12526.65
2024-07-15,Laptop,15,51194.9,767923.5
2024-07-15,Mouse,15,1000.45,15006.75
2024-07-15,Keyboard,7,2795.0,19565.0
2024-07-15,Monitor,5,17395.91,86979.55
2024-07-15,Headphones,7,4441.3,31089.100000000002
2024-07-16,Laptop,11,48801.96,536821.5599999999
2024-07-16,Mouse,5,1026.62,5133.099999999999
2024-07-16,Keyboard,16,2300.4,36806.4
2024-07-16,Monitor,16,16971.83,271549.28
2024-07-16,Headphones,9,4438.96,39950.64
2024-07-17,Laptop,5,52154.91,260774.55000000002
2024-07-17,Mouse,12,518.23,6218.76
2024-07-17,Keyboard,9,2146.29,19316.61
2024-07-17,Monitor,16,15356.4,245702.4
2024-07-17,Headphones,16,2730.45,43687.2
2024-07-18,Laptop,12,48800.75,585609.0
2024-07-18,Mouse,6,1434.44,8606.64
2024-07-18,Keyboard,8,1791.84,14334.72
2024-07-18,Monitor,15,17429.36,261440.40000000002
2024-07-18,Headphones,7,2854.62,19982.34
2024-07-19,Laptop,12,54296.06,651552.72
2024-07-19,Mouse,13,1039.16,13509.080000000002
2024-07-19,Keyboard,11,2415.5,26570.5
2024-07-19,Monitor,5,16999.53,84997.65
2024-07-19,Headphones,14,3240.65,45369.1
2024-07-20,Laptop,11,50224.81,552472.9099999999
2024-07-20,Mouse,9,1181.12,10630.079999999998
2024-07-20,Keyboard,11,2699.67,29696.370000000003
2024-07-20,Monitor,16,18545.23,296723.68
2024-07-20,Headphones,10,4380.22,43802.200000000004
2024-07-21,Laptop,14,47565.63,665918.82
2024-07-21,Mouse,6,924.53,5547.18
2024-07-21,Keyboard,8,2708.99,21671.92
2024-07-21,Monitor,4,16867.55,67470.2
2024-07-21,Headphones,14,3899.45,54592.299999999996
2024-07-22,Laptop,12,45025.84,540310.08
2024-07-22,Mouse,8,1319.19,10553.52
2024-07-22,Keyboard,8,2390.31,19122.48
2024-07-22,Monitor,11,16060.22,176662.41999999998
2024-07-22,Headphones,11,2524.32,27767.52
2024-07-23,Laptop,11,53398.61,587384.71
2024-07-23,Mouse,10,1269.94,12699.400000000001
2024-07-23,Keyboard,4,1855.31,7421.24
2024-07-23,Monitor,7,16510.3,115572.09999999999
2024-07-23,Headphones,10,4467.84,44678.4
2024-07-24,Laptop,13,51714.25,672285.25
2024-07-24,Mouse,11,595.54,6550.94
2024-07-24,Keyboard,6,1724.56,10347.36
2024-07-24,Monitor,9,17933.04,161397.36000000002
2024-07-24,Headphones,16,2705.71,43291.36
2024-07-25,Laptop,13,53627.97,697163.61
2024-07-25,Mouse,9,1035.36,9318.24
2024-07-25,Keyboard,8,1535.46,12283.68
2024-07-25,Monitor,16,16151.23,258419.68
2024-07-25,Headphones,9,3640.09,32760.81
2024-07-26,Laptop,11,47568.84,523257.24
2024-07-26,Mouse,14,1094.48,15322.720000000001
2024-07-26,Keyboard,15,1712.66,25689.9
2024-07-26,Monitor,5,17985.23,89926.15
2024-07-26,Headphones,5,3212.96,16064.8
2024-07-27,Laptop,8,49457.91,395663.28
2024-07-27,Mouse,11,1192.44,13116.84
2024-07-27,Keyboard,9,2011.64,18104.760000000002
2024-07-27,Monitor,15,15520.55,232808.25
2024-07-27,Headphones,11,3011.68,33128.479999999996
2024-07-28,Laptop,9,52726.23,474536.07
2024-07-28,Mouse,6,585.66,3513.96
2024-07-28,Keyboard,4,2393.63,9574.52
2024-07-28,Monitor,11,16616.86,182785.46000000002
2024-07-28,Headphones,12,3030.68,36368.159999999996
2024-07-29,Laptop,9,45694.24,411248.16
2024-07-29,Mouse,4,1331.86,5327.44
2024-07-29,Keyboard,13,2700.53,35106.89
2024-07-29,Monitor,12,18200.84,218410.08000000002
2024-07-29,Headphones,10,4640.24,46402.399999999994
2024-07-30,Laptop,5,51801.32,259006.6
2024-07-30,Mouse,13,824.33,10716.29
2024-07-30,Keyboard,5,1785.49,8927.45
2024-07-30,Monitor,5,19970.7,99853.5
2024-07-30,Headphones,5,3088.83,15444.15
2024-07-31,Laptop,5,52306.51,261532.55000000002
2024-07-31,Mouse,15,833.57,12503.550000000001
2024-07-31,Keyboard,8,2343.45,18747.6
2024-07-31,Monitor,6,19808.33,118849.98000000001
2024-07-31,Headphones,14,4070.01,56980.14
2024-08-01,Laptop,9,46704.78,420343.02
2024-08-01,Mouse,10,596.68,5966.799999999999
2024-08-01,Keyboard,9,2732.71,24594.39
2024-08-01,Monitor,11,16737.86,184116.46000000002
2024-08-01,Headphones,11,4943.71,54380.81
2024-08-02,Laptop,5,54271.78,271358.9
2024-08-02,Mouse,12,619.83,7437.960000000001
2024-08-02,Keyboard,5,1728.62,8643.099999999999
2024-08-02,Monitor,6,18685.9,112115.40000000001
2024-08-02,Headphones,8,3619.87,28958.96
2024-08-03,Laptop,9,51715.58,465440.22000000003
2024-08-03,Mouse,5,1123.59,5617.95
2024-08-03,Keyboard,4,2681.85,10727.4
2024-08-03,Monitor,3,18042.43,54127.29
2024-08-03,Headphones,11,4346.08,47806.88
2024-08-04,Laptop,4,45631.09,182524.36
2024-08-04,Mouse,5,803.13,4015.65
2024-08-04,Keyboard,4,2012.51,8050.04
2024-08-04,Monitor,9,15438.21,138943.88999999998
2024-08-04,Headphones,11,2717.17,29888.870000000003
2024-08-05,Laptop,3,48055.24,144165.72
2024-08-05,Mouse,5,779.7,3898.5
2024-08-05,Keyboard,10,2400.89,24008.899999999998
2024-08-05,Monitor,8,15808.82,126470.56
2024-08-05,Headphones,7,3490.89,24436.23
2024-08-06,Laptop,7,50665.75,354660.25
2024-08-06,Mouse,5,708.51,3542.55
2024-08-06,Keyboard,14,2095.77,29340.78
2024-08-06,Monitor,7,19087.25,133610.75
2024-08-06,Headphones,5,4022.91,20114.55
2024-08-07,Laptop,10,53680.57,536805.7
2024-08-07,Mouse,7,641.28,4488.96
2024-08-07,Keyboard,8,1957.02,15656.16
2024-08-07,Monitor,9,16612.64,149513.76
2024-08-07,Headphones,5,2520.57,12602.85
2024-08-08,Laptop,4,47236.14,188944.56
2024-08-08,Mouse,13,1475.61,19182.93
2024-08-08,Keyboard,10,2733.72,27337.199999999997
2024-08-08,Monitor,9,17396.77,156570.93
2024-08-08,Headphones,3,4768.27,14304.810000000001
2024-08-09,Laptop,13,46391.98,603095.74
2024-08-09,Mouse,7,1329.33,9305.31
2024-08-09,Keyboard,5,2253.85,11269.25
2024-08-09,Monitor,9,19126.0,172134.0
2024-08-09,Headphones,12,3102.6,37231.2
2024-08-10,Laptop,8,49782.34,398258.72
2024-08-10,Mouse,5,635.17,3175.85
2024-08-10,Keyboard,5,1619.95,8099.75
2024-08-10,Monitor,11,19829.11,218120.21000000002
2024-08-10,Headphones,11,2935.45,32289.949999999997
2024-08-11,Laptop,13,53761.05,698893.65
2024-08-11,Mouse,12,605.66,7267.92
2024-08-11,Keyboard,7,1500.5,10503.5
2024-08-11,Monitor,11,18097.94,199077.34
2024-08-11,Headphones,11,3094.39,34038.29
2024-08-12,Laptop,14,45613.5,638589.0
2024-08-12,Mouse,5,691.78,3458.8999999999996
2024-08-12,Keyboard,9,1587.25,14285.25
2024-08-12,Monitor,11,18771.27,206483.97
2024-08-12,Headphones,14,4085.11,57191.54
2024-08-13,Laptop,9,49303.37,443730.33
2024-08-13,Mouse,9,642.25,5780.25
2024-08-13,Keyboard,9,2674.04,24066.36
2024-08-13,Monitor,13,15505.23,201567.99
2024-08-13,Headphones,11,3854.16,42395.759999999995
2024-08-14,Laptop,5,54966.97,274834.85
2024-08-14,Mouse,3,732.65,2197.95
2024-08-14,Keyboard,11,1959.38,21553.18
2024-08-14,Monitor,5,18278.62,91393.09999999999
2024-08-14,Headphones,7,3278.25,22947.75
2024-08-15,Laptop,14,52920.94,740893.16
2024-08-15,Mouse,14,949.78,13296.92
2024-08-15,Keyboard,12,2031.35,24376.199999999997
2024-08-15,Monitor,11,17070.65,187777.15000000002
2024-08-15,Headphones,13,2530.66,32898.58
2024-08-16,Laptop,12,52693.05,632316.6000000001
2024-08-16,Mouse,13,748.58,9731.54
2024-08-16,Keyboard,13,2222.02,28886.26
2024-08-16,Monitor,7,18951.69,132661.83
2024-08-16,Headphones,6,4280.87,25685.22
2024-08-17,Laptop,10,46896.95,468969.5
2024-08-17,Mouse,6,715.2,4291.200000000001
2024-08-17,Keyboard,6,2751.46,16508.760000000002
2024-08-17,Monitor,12,19879.37,238552.44
2024-08-17,Headphones,4,2193.85,8775.4
2024-08-18,Laptop,5,48714.09,243570.44999999998
2024-08-18,Mouse,3,1047.96,3143.88
2024-08-18,Keyboard,14,2249.0,31486.0
2024-08-18,Monitor,8,15746.19,125969.52
2024-08-18,Headphones,13,2450.15,31851.95
2024-08-19,Laptop,5,47434.78,237173.9
2024-08-19,Mouse,4,976.02,3904.08
2024-08-19,Keyboard,9,2421.12,21790.079999999998
2024-08-19,Monitor,12,17297.23,207566.76
2024-08-19,Headphones,6,4868.67,29212.02
2024-08-20,Laptop,3,54553.35,163660.05
2024-08-20,Mouse,3,1158.69,3476.07
2024-08-20,Keyboard,9,2532.2,22789.8
2024-08-20,Monitor,11,15382.08,169202.88
2024-08-20,Headphones,3,4522.61,13567.829999999998
2024-08-21,Laptop,10,47530.58,475305.80000000005
2024-08-21,Mouse,8,961.48,7691.84
2024-08-21,Keyboard,11,2243.18,24674.98
2024-08-21,Monitor,8,19475.59,155804.72
2024-08-21,Headphones,8,2680.89,21447.12
2024-08-22,Laptop,3,45666.52,136999.56
2024-08-22,Mouse,8,1382.46,11059.68
2024-08-22,Keyboard,6,2606.15,15636.900000000001
2024-08-22,Monitor,3,17216.37,51649.11
2024-08-22,Headphones,8,2125.02,17000.16
2024-08-23,Laptop,9,52462.07,472158.63
2024-08-23,Mouse,3,572.08,1716.2400000000002
2024-08-23,Keyboard,8,1658.05,13264.4
2024-08-23,Monitor,3,19782.51,59347.53
2024-08-23,Headphones,6,3162.79,18976.739999999998
2024-08-24,Laptop,14,47965.36,671515.04
2024-08-24,Mouse,11,1470.75,16178.25
2024-08-24,Keyboard,5,2492.06,12460.3
2024-08-24,Monitor,11,16774.21,184516.31
2024-08-24,Headphones,10,2295.19,22951.9
2024-08-25,Laptop,13,53305.34,692969.4199999999
2024-08-25,Mouse,8,765.05,6120.4
2024-08-25,Keyboard,7,1623.93,11367.51
2024-08-25,Monitor,11,19494.5,214439.5
2024-08-25,Headphones,8,4307.67,34461.36
2024-08-26,Laptop,9,54759.91,492839.19000000006
2024-08-26,Mouse,14,705.69,9879.66
2024-08-26,Keyboard,3,1883.12,5649.36
2024-08-26,Monitor,5,18873.17,94365.84999999999
2024-08-26,Headphones,9,4879.48,43915.31999999999
2024-08-27,Laptop,8,45419.51,363356.08
2024-08-27,Mouse,4,822.22,3288.88
2024-08-27,Keyboard,5,1939.23,9696.15
2024-08-27,Monitor,8,15569.78,124558.24
2024-08-27,Headphones,12,3747.27,44967.24
2024-08-28,Laptop,14,50207.68,702907.52
2024-08-28,Mouse,11,656.64,7223.04
2024-08-28,Keyboard,10,2007.4,20074.0
2024-08-28,Monitor,8,17992.66,143941.28
2024-08-28,Headphones,9,3116.5,28048.5
2024-08-29,Laptop,11,50500.92,555510.12
2024-08-29,Mouse,10,1112.94,11129.400000000001
2024-08-29,Keyboard,7,1910.69,13374.83
2024-08-29,Monitor,5,15607.51,78037.55
2024-08-29,Headphones,5,4660.77,23303.850000000002
2024-08-30,Laptop,8,54924.15,439393.2
2024-08-30,Mouse,10,1315.95,13159.5
2024-08-30,Keyboard,8,2818.9,22551.2
2024-08-30,Monitor,11,19594.63,215540.93000000002
2024-08-30,Headphones,4,3908.21,15632.84
2024-08-31,Laptop,13,49605.39,644870.07
2024-08-31,Mouse,8,1248.19,9985.52
2024-08-31,Keyboard,13,2664.67,34640.71
2024-08-31,Monitor,11,15269.29,167962.19
2024-08-31,Headphones,7,4259.56,29816.920000000002
2024-09-01,Laptop,9,54373.88,489364.92
2024-09-01,Mouse,11,1227.95,13507.45
2024-09-01,Keyboard,4,1697.59,6790.36
2024-09-01,Monitor,13,15459.35,200971.55000000002
2024-09-01,Headphones,4,2640.53,10562.12
2024-09-02,Laptop,4,46506.76,186027.04
2024-09-02,Mouse,11,1232.8,13560.8
2024-09-02,Keyboard,10,2637.28,26372.800000000003
2024-09-02,Monitor,3,17541.8,52625.399999999994
2024-09-02,Headphones,13,2317.79,30131.27
2024-09-03,Laptop,7,51888.85,363221.95
2024-09-03,Mouse,7,1077.17,7540.1900000000005
2024-09-03,Keyboard,9,2641.68,23775.12
2024-09-03,Monitor,13,15804.24,205455.12
2024-09-03,Headphones,9,2027.99,18251.91
2024-09-04,Laptop,3,52417.12,157251.36000000002
2024-09-04,Mouse,4,1491.81,5967.24
2024-09-04,Keyboard,8,1790.93,14327.44
2024-09-04,Monitor,9,18287.8,164590.19999999998
2024-09-04,Headphones,9,3665.25,32987.25
2024-09-05,Laptop,12,51159.85,613918.2
2024-09-05,Mouse,10,1187.88,11878.800000000001
2024-09-05,Keyboard,11,2308.04,25388.44
2024-09-05,Monitor,5,15026.15,75130.75
2024-09-05,Headphones,9,4519.89,40679.01
2024-09-06,Laptop,11,52457.34,577030.74
2024-09-06,Mouse,12,1249.55,14994.599999999999
2024-09-06,Keyboard,6,2051.91,12311.46
2024-09-06,Monitor,10,18781.32,187813.2
2024-09-06,Headphones,13,2916.81,37918.53
2024-09-07,Laptop,8,50020.5,400164.0
2024-09-07,Mouse,9,868.31,7814.789999999999
2024-09-07,Keyboard,11,2465.05,27115.550000000003
2024-09-07,Monitor,9,19430.98,174878.82
2024-09-07,Headphones,4,2413.47,9653.88
2024-09-08,Laptop,7,49126.22,343883.54000000004
2024-09-08,Mouse,8,678.37,5426.96
2024-09-08,Keyboard,9,2429.38,21864.420000000002
2024-09-08,Monitor,5,15906.6,79533.0
2024-09-08,Headphones,11,2278.97,25068.67
2024-09-09,Laptop,7,53742.62,376198.34
2024-09-09,Mouse,11,1142.33,12565.63
2024-09-09,Keyboard,8,1656.21,13249.68
2024-09-09,Monitor,9,17807.42,160266.77999999997
2024-09-09,Headphones,5,2158.41,10792.05
2024-09-10,Laptop,8,51764.68,414117.44
2024-09-10,Mouse,4,1102.15,4408.6
2024-09-10,Keyboard,11,2737.57,30113.27
2024-09-10,Monitor,3,18182.45,54547.350000000006
2024-09-10,Headphones,4,2175.65,8702.6
2024-09-11,Laptop,11,52459.25,577051.75
2024-09-11,Mouse,9,1207.68,10869.12
2024-09-11,Keyboard,13,2737.7,35590.1
2024-09-11,Monitor,4,17200.99,68803.96
2024-09-11,Headphones,5,2367.13,11835.650000000001
2024-09-12,Laptop,3,49340.19,148020.57
2024-09-12,Mouse,4,871.42,3485.68
2024-09-12,Keyboard,3,2397.34,7192.02
2024-09-12,Monitor,10,18832.94,188329.4
2024-09-12,Headphones,9,4799.34,43194.06
2024-09-13,Laptop,11,46734.8,514082.80000000005
2024-09-13,Mouse,7,1136.18,7953.26
2024-09-13,Keyboard,13,1677.5,21807.5
2024-09-13,Monitor,7,19955.63,139689.41
2024-09-13,Headphones,11,3151.5,34666.5
2024-09-14,Laptop,9,54503.13,490528.17
2024-09-14,Mouse,6,684.48,4106.88
2024-09-14,Keyboard,11,2969.47,32664.17
2024-09-14,Monitor,4,15130.98,60523.92
2024-09-14,Headphones,3,3757.43,11272.289999999999
2024-09-15,Laptop,7,47730.71,334114.97
2024-09-15,Mouse,3,1429.62,4288.86
2024-09-15,Keyboard,4,2911.02,11644.08
2024-09-15,Monitor,9,19263.64,173372.76
2024-09-15,Headphones,9,4618.19,41563.71
2024-09-16,Laptop,11,49617.33,545790.63
2024-09-16,Mouse,5,1302.64,6513.200000000001
2024-09-16,Keyboard,9,2906.03,26154.27
2024-09-16,Monitor,5,15667.4,78337.0
2024-09-16,Headphones,5,2149.53,10747.650000000001
2024-09-17,Laptop,7,49964.61,349752.27
2024-09-17,Mouse,3,1280.21,3840.63
2024-09-17,Keyboard,5,2648.27,13241.35
2024-09-17,Monitor,7,16126.12,112882.84000000001
2024-09-17,Headphones,11,2406.06,26466.66
2024-09-18,Laptop,13,54226.23,704940.99
2024-09-18,Mouse,9,1456.61,13109.49
2024-09-18,Keyboard,12,1924.12,23089.44
2024-09-18,Monitor,9,16410.94,147698.46
2024-09-18,Headphones,11,2827.16,31098.76
2024-09-19,Laptop,7,54062.55,378437.85000000003
2024-09-19,Mouse,8,1474.83,11798.64
2024-09-19,Keyboard,7,2143.33,15003.31
2024-09-19,Monitor,9,18883.55,169951.94999999998
2024-09-19,Headphones,11,2469.15,27160.65
2024-09-20,Laptop,5,45336.14,226680.7
2024-09-20,Mouse,5,1119.7,5598.5
2024-09-20,Keyboard,10,1708.87,17088.699999999997
2024-09-20,Monitor,5,16575.95,82879.75
2024-09-20,Headphones,10,3042.03,30420.300000000003
2024-09-21,Laptop,13,47367.84,615781.9199999999
2024-09-21,Mouse,8,1048.32,8386.56
2024-09-21,Keyboard,8,2340.25,18722.0
2024-09-21,Monitor,7,16967.24,118770.68000000001
2024-09-21,Headphones,9,3256.38,29307.420000000002
2024-09-22,Laptop,12,52308.21,627698.52
2024-09-22,Mouse,9,1479.55,13315.949999999999
2024-09-22,Keyboard,6,2481.26,14887.560000000001
2024-09-22,Monitor,9,15955.95,143603.55000000002
2024-09-22,Headphones,3,3391.8,10175.400000000001
2024-09-23,Laptop,9,54470.36,490233.24
2024-09-23,Mouse,11,849.51,9344.61
2024-09-23,Keyboard,9,1533.05,13797.449999999999
2024-09-23,Monitor,6,16126.58,96759.48
2024-09-23,Headphones,9,2266.52,20398.68
2024-09-24,Laptop,7,50612.23,354285.61000000004
2024-09-24,Mouse,3,1480.52,4441.5599999999995
2024-09-24,Keyboard,11,2790.21,30692.31
2024-09-24,Monitor,9,17712.73,159414.57
2024-09-24,Headphones,7,4123.51,28864.57
2024-09-25,Laptop,3,51129.0,153387.0
2024-09-25,Mouse,12,958.3,11499.599999999999
2024-09-25,Keyboard,3,2142.95,6428.849999999999
2024-09-25,Monitor,6,19728.49,118370.94
2024-09-25,Headphones,9,4007.07,36063.630000000005
2024-09-26,Laptop,4,53619.87,214479.48
2024-09-26,Mouse,4,1150.97,4603.88
2024-09-26,Keyboard,7,1935.88,13551.16
2024-09-26,Monitor,13,17562.51,228312.62999999998
2024-09-26,Headphones,11,3067.92,33747.12
2024-09-27,Laptop,4,45519.57,182078.28
2024-09-27,Mouse,13,997.26,12964.38
2024-09-27,Keyboard,7,2808.2,19657.399999999998
2024-09-27,Monitor,9,16651.08,149859.72000000003
2024-09-27,Headphones,12,4262.32,51147.84
2024-09-28,Laptop,13,47048.81,611634.53
2024-09-28,Mouse,6,1159.63,6957.780000000001
2024-09-28,Keyboard,5,2805.87,14029.349999999999
2024-09-28,Monitor,10,19733.19,197331.9
2024-09-28,Headphones,8,4954.97,39639.76
2024-09-29,Laptop,9,50579.81,455218.29
2024-09-29,Mouse,4,565.2,2260.8
2024-09-29,Keyboard,12,2015.49,24185.88
2024-09-29,Monitor,11,17693.51,194628.61
2024-09-29,Headphones,5,4395.03,21975.149999999998
2024-09-30,Laptop,7,51567.8,360974.60000000003
2024-09-30,Mouse,9,897.38,8076.42
2024-09-30,Keyboard,10,2663.42,26634.2
2024-09-30,Monitor,4,15978.05,63912.2
2024-09-30,Headphones,11,3569.99,39269.89
2024-10-01,Laptop,8,48566.71,388533.68
2024-10-01,Mouse,9,1077.59,9698.31
2024-10-01,Keyboard,6,1968.52,11811.119999999999
2024-10-01,Monitor,9,16979.85,152818.65
2024-10-01,Headphones,13,3599.09,46788.17
2024-10-02,Laptop,10,49476.03,494760.3
2024-10-02,Mouse,7,1293.26,9052.82
2024-10-02,Keyboard,8,2420.21,19361.68
2024-10-02,Monitor,12,19530.72,234368.64
2024-10-02,Headphones,4,2506.56,10026.24
2024-10-03,Laptop,7,46407.12,324849.84
2024-10-03,Mouse,3,533.38,1600.1399999999999
2024-10-03,Keyboard,8,2840.98,22727.84
2024-10-03,Monitor,11,19101.89,210120.78999999998
2024-10-03,Headphones,6,3320.97,19925.82
2024-10-04,Laptop,7,54677.56,382742.92
2024-10-04,Mouse,5,1382.42,6912.1
2024-10-04,Keyboard,11,2609.6,28705.6
2024-10-04,Monitor,8,19835.63,158685.04
2024-10-04,Headphones,14,3456.08,48385.119999999995
2024-10-05,Laptop,6,51679.2,310075.19999999995
2024-10-05,Mouse,12,823.01,9876.119999999999
2024-10-05,Keyboard,11,2822.89,31051.789999999997
2024-10-05,Monitor,14,18280.67,255929.37999999998
2024-10-05,Headphones,11,4060.58,44666.38
2024-10-06,Laptop,5,50274.0,251370.0
2024-10-06,Mouse,9,1322.96,11906.64
2024-10-06,Keyboard,10,1619.11,16191.099999999999
2024-10-06,Monitor,6,19867.29,119203.74
2024-10-06,Headphones,11,4574.53,50319.829999999994
2024-10-07,Laptop,5,54182.08,270910.4
2024-10-07,Mouse,7,1210.24,8471.68
2024-10-07,Keyboard,11,2982.1,32803.1
2024-10-07,Monitor,4,19108.18,76432.72
2024-10-07,Headphones,11,2942.18,32363.98
2024-10-08,Laptop,8,49942.12,399536.96
2024-10-08,Mouse,5,1379.82,6899.099999999999
2024-10-08,Keyboard,13,1760.64,22888.32
2024-10-08,Monitor,6,15564.72,93388.31999999999
2024-10-08,Headphones,10,2301.91,23019.1
2024-10-09,Laptop,6,49201.19,295207.14
2024-10-09,Mouse,4,847.94,3391.76
2024-10-09,Keyboard,14,1786.89,25016.460000000003
2024-10-09,Monitor,11,18255.74,200813.14
2024-10-09,Headphones,7,4214.21,29499.47
2024-10-10,Laptop,11,49712.87,546841.5700000001
2024-10-10,Mouse,14,753.97,10555.58
2024-10-10,Keyboard,3,1689.4,5068.200000000001
2024-10-10,Monitor,4,16625.52,66502.08
2024-10-10,Headphones,8,2011.45,16091.6
2024-10-11,Laptop,14,46748.81,654483.34
2024-10-11,Mouse,9,1155.28,10397.52
2024-10-11,Keyboard,3,2755.56,8266.68
2024-10-11,Monitor,8,15385.39,123083.12
2024-10-11,Headphones,5,4082.45,20412.25
2024-10-12,Laptop,9,47155.3,424397.7
2024-10-12,Mouse,14,712.64,9976.96
2024-10-12,Keyboard,5,2644.73,13223.65
2024-10-12,Monitor,6,18265.81,109594.86000000002
2024-10-12,Headphones,13,4710.82,61240.659999999996
2024-10-13,Laptop,3,52660.65,157981.95
2024-10-13,Mouse,5,559.09,2795.4500000000003
2024-10-13,Keyboard,14,1890.43,26466.02
2024-10-13,Monitor,3,19371.13,58113.39
2024-10-13,Headphones,11,3681.32,40494.520000000004
2024-10-14,Laptop,11,48897.59,537873.49
2024-10-14,Mouse,13,960.36,12484.68
2024-10-14,Keyboard,5,2072.42,10362.1
2024-10-14,Monitor,13,16902.0,219726.0
2024-10-14,Headphones,13,4407.06,57291.780000000006
2024-10-15,Laptop,11,49225.48,541480.28
2024-10-15,Mouse,9,921.44,8292.960000000001
2024-10-15,Keyboard,13,2877.11,37402.43
2024-10-15,Monitor,8,15637.27,125098.16
2024-10-15,Headphones,9,2876.65,25889.850000000002
2024-10-16,Laptop,5,53260.39,266301.95
2024-10-16,Mouse,5,1304.91,6524.55
2024-10-16,Keyboard,5,2972.7,14863.5
2024-10-16,Monitor,13,18633.35,242233.55
2024-10-16,Headphones,11,3884.71,42731.81
2024-10-17,Laptop,9,47815.21,430336.89
2024-10-17,Mouse,14,949.84,13297.76
2024-10-17,Keyboard,8,2555.53,20444.24
2024-10-17,Monitor,12,15341.7,184100.40000000002
2024-10-17,Headphones,3,2725.68,8177.039999999999
2024-10-18,Laptop,3,49687.68,149063.04
2024-10-18,Mouse,9,1324.53,11920.77
2024-10-18,Keyboard,6,1945.86,11675.16
2024-10-18,Monitor,11,18651.23,205163.53
2024-10-18,Headphones,9,2144.43,19299.87
2024-10-19,Laptop,5,53772.39,268861.95
2024-10-19,Mouse,4,1167.8,4671.2
2024-10-19,Keyboard,13,2010.61,26137.93
2024-10-19,Monitor,8,15926.65,127413.2
2024-10-19,Headphones,8,3593.95,28751.6
2024-10-20,Laptop,13,52945.78,688295.14
2024-10-20,Mouse,13,929.18,12079.34
2024-10-20,Keyboard,11,2993.16,32924.759999999995
2024-10-20,Monitor,4,17866.75,71467.0
2024-10-20,Headphones,6,2190.92,13145.52
2024-10-21,Laptop,5,47202.25,236011.25
2024-10-21,Mouse,11,614.93,6764.23
2024-10-21,Keyboard,12,2287.86,27454.32
2024-10-21,Monitor,9,18346.0,165114.0
2024-10-21,Headphones,3,2194.06,6582.18
2024-10-22,Laptop,3,45251.42,135754.26
2024-10-22,Mouse,8,930.43,7443.44
2024-10-22,Keyboard,11,2866.01,31526.11
2024-10-22,Monitor,13,18869.4,245302.2
2024-10-22,Headphones,9,3022.45,27202.05
2024-10-23,Laptop,5,49433.8,247169.0
2024-10-23,Mouse,8,1448.11,11584.88
2024-10-23,Keyboard,7,2387.55,16712.850000000002
2024-10-23,Monitor,12,18198.03,218376.36
2024-10-23,Headphones,8,3537.09,28296.72
2024-10-24,Laptop,11,47341.84,520760.24
2024-10-24,Mouse,11,987.67,10864.369999999999
2024-10-24,Keyboard,7,1894.01,13258.07
2024-10-24,Monitor,8,18003.26,144026.08
2024-10-24,Headphones,8,4951.52,39612.16
2024-10-25,Laptop,8,51341.04,410728.32
2024-10-25,Mouse,7,1391.48,9740.36
2024-10-25,Keyboard,4,2042.78,8171.12
2024-10-25,Monitor,11,18020.36,198223.96000000002
2024-10-25,Headphones,11,2420.07,26620.77
2024-10-26,Laptop,11,49696.42,546660.62
2024-10-26,Mouse,9,831.35,7482.150000000001
2024-10-26,Keyboard,3,2433.78,7301.34
2024-10-26,Monitor,13,18053.9,234700.7
2024-10-26,Headphones,12,3422.87,41074.44
2024-10-27,Laptop,3,50165.73,150497.19
2024-10-27,Mouse,7,1354.14,9478.980000000001
2024-10-27,Keyboard,3,1828.6,5485.799999999999
2024-10-27,Monitor,11,19219.62,211415.81999999998
2024-10-27,Headphones,3,3016.58,9049.74
2024-10-28,Laptop,6,49385.38,296312.27999999997
2024-10-28,Mouse,13,896.8,11658.4
2024-10-28,Keyboard,7,2897.63,20283.41
2024-10-28,Monitor,9,19083.41,171750.69
2024-10-28,Headphones,3,3851.2,11553.599999999999
2024-10-29,Laptop,8,50315.99,402527.92
2024-10-29,Mouse,11,1007.41,11081.51
2024-10-29,Keyboard,9,1544.5,13900.5
2024-10-29,Monitor,11,15224.27,167466.97
2024-10-29,Headphones,11,2394.47,26339.17
2024-10-30,Laptop,13,46652.04,606476.52
2024-10-30,Mouse,8,921.83,7374.64
2024-10-30,Keyboard,11,2823.39,31057.289999999997
2024-10-30,Monitor,12,18570.16,222841.91999999998
2024-10-30,Headphones,11,4023.82,44262.020000000004
2024-10-31,Laptop,3,53237.9,159713.7
2024-10-31,Mouse,8,1454.03,11632.24
2024-10-31,Keyboard,6,1502.35,9014.099999999999
2024-10-31,Monitor,11,15010.52,165115.72
2024-10-31,Headphones,13,2772.82,36046.66
2024-11-01,Laptop,9,45405.59,408650.30999999994
2024-11-01,Mouse,6,1186.59,7119.539999999999
2024-11-01,Keyboard,5,2497.94,12489.7
2024-11-01,Monitor,4,17281.18,69124.72
2024-11-01,Headphones,5,2276.85,11384.25
2024-11-02,Laptop,16,49189.48,787031.68
2024-11-02,Mouse,6,1400.32,8401.92
2024-11-02,Keyboard,13,1620.27,21063.51
2024-11-02,Monitor,16,18749.25,299988.0
2024-11-02,Headphones,5,4005.72,20028.6
2024-11-03,Laptop,11,51464.5,566109.5
2024-11-03,Mouse,5,1093.66,5468.3
2024-11-03,Keyboard,11,2253.23,24785.53
2024-11-03,Monitor,5,19566.43,97832.15
2024-11-03,Headphones,11,2462.96,27092.56
2024-11-04,Laptop,5,52239.73,261198.65000000002
2024-11-04,Mouse,12,1240.98,14891.76
2024-11-04,Keyboard,14,1599.67,22395.38
2024-11-04,Monitor,15,15710.69,235660.35
2024-11-04,Headphones,4,4084.65,16338.6
2024-11-05,Laptop,13,47950.41,623355.3300000001
2024-11-05,Mouse,4,584.39,2337.56
2024-11-05,Keyboard,16,1565.61,25049.76
2024-11-05,Monitor,7,19040.11,133280.77000000002
2024-11-05,Headphones,16,3029.5,48472.0
2024-11-06,Laptop,9,53167.23,478505.07
2024-11-06,Mouse,8,1345.6,10764.8
2024-11-06,Keyboard,8,2777.76,22222.08
2024-11-06,Monitor,6,18364.83,110188.98000000001
2024-11-06,Headphones,9,3627.6,32648.399999999998
2024-11-07,Laptop,8,52889.85,423118.8
2024-11-07,Mouse,13,726.28,9441.64
2024-11-07,Keyboard,5,2175.19,10875.95
2024-11-07,Monitor,13,19583.18,254581.34
2024-11-07,Headphones,16,2296.62,36745.92
2024-11-08,Laptop,12,50821.99,609863.88
2024-11-08,Mouse,11,870.05,9570.55
2024-11-08,Keyboard,8,2558.38,20467.04
2024-11-08,Monitor,4,17629.06,70516.24
2024-11-08,Headphones,5,2500.58,12502.9
2024-11-09,Laptop,7,51457.41,360201.87
2024-11-09,Mouse,7,1390.1,9730.699999999999
2024-11-09,Keyboard,4,2919.97,11679.88
2024-11-09,Monitor,5,15127.24,75636.2
2024-11-09,Headphones,13,3136.73,40777.49
2024-11-10,Laptop,5,48406.04,242030.2
2024-11-10,Mouse,16,1291.72,20667.52
2024-11-10,Keyboard,12,1966.83,23601.96
2024-11-10,Monitor,8,19235.7,153885.6
2024-11-10,Headphones,10,3093.78,30937.800000000003
2024-11-11,Laptop,6,50802.22,304813.32
2024-11-11,Mouse,8,954.0,7632.0
2024-11-11,Keyboard,6,1751.04,10506.24
2024-11-11,Monitor,5,17427.95,87139.75
2024-11-11,Headphones,10,4932.36,49323.6
2024-11-12,Laptop,5,54640.17,273200.85
2024-11-12,Mouse,6,599.3,3595.7999999999997
2024-11-12,Keyboard,15,1546.43,23196.45
2024-11-12,Monitor,12,15800.12,189601.44
2024-11-12,Headphones,5,2939.62,14698.099999999999
2024-11-13,Laptop,14,49585.23,694193.2200000001
2024-11-13,Mouse,15,630.05,9450.75
2024-11-13,Keyboard,11,1674.21,18416.31
2024-11-13,Monitor,11,16874.02,185614.22
2024-11-13,Headphones,5,4665.21,23326.05
2024-11-14,Laptop,6,54948.58,329691.48
2024-11-14,Mouse,11,1484.01,16324.11
2024-11-14,Keyboard,14,2410.32,33744.48
2024-11-14,Monitor,15,16947.41,254211.15
2024-11-14,Headphones,14,4912.23,68771.22
2024-11-15,Laptop,8,50414.08,403312.64
2024-11-15,Mouse,7,977.88,6845.16
2024-11-15,Keyboard,14,2312.56,32375.84
2024-11-15,Monitor,8,16234.54,129876.32
2024-11-15,Headphones,9,3321.32,29891.88
2024-11-16,Laptop,11,53268.15,585949.65
2024-11-16,Mouse,14,694.62,9724.68
2024-11-16,Keyboard,4,2261.17,9044.68
2024-11-16,Monitor,16,16351.24,261619.84
2024-11-16,Headphones,13,4492.07,58396.909999999996
2024-11-17,Laptop,6,48472.77,290836.62
2024-11-17,Mouse,13,1082.98,14078.74
2024-11-17,Keyboard,14,2166.07,30324.980000000003
2024-11-17,Monitor,16,19083.78,305340.48
2024-11-17,Headphones,6,3205.34,19232.04
2024-11-18,Laptop,4,52345.78,209383.12
2024-11-18,Mouse,5,1123.41,5617.05
2024-11-18,Keyboard,11,2688.78,29576.58
2024-11-18,Monitor,5,16006.56,80032.8
2024-11-18,Headphones,7,2443.95,17107.649999999998
2024-11-19,Laptop,7,49755.46,348288.22
2024-11-19,Mouse,6,1406.94,8441.64
2024-11-19,Keyboard,16,2946.04,47136.64
2024-11-19,Monitor,7,17995.6,125969.19999999998
2024-11-19,Headphones,8,3600.16,28801.28
2024-11-20,Laptop,13,45379.82,589937.66
2024-11-20,Mouse,8,1290.51,10324.08
2024-11-20,Keyboard,13,1586.61,20625.93
2024-11-20,Monitor,10,16378.84,163788.4
2024-11-20,Headphones,15,2103.38,31550.7
2024-11-21,Laptop,8,46487.96,371903.68
2024-11-21,Mouse,5,1012.9,5064.5
2024-11-21,Keyboard,13,2225.11,28926.43
2024-11-21,Monitor,8,17943.66,143549.28
2024-11-21,Headphones,11,3474.25,38216.75
2024-11-22,Laptop,12,47032.23,564386.76
2024-11-22,Mouse,10,941.22,9412.2
2024-11-22,Keyboard,12,2266.91,27202.92
2024-11-22,Monitor,11,16811.34,184924.74
2024-11-22,Headphones,4,4596.73,18386.92
2024-11-23,Laptop,15,49559.79,743396.85
2024-11-23,Mouse,13,1327.52,17257.76
2024-11-23,Keyboard,16,2387.11,38193.76
2024-11-23,Monitor,9,19780.24,178022.16
2024-11-23,Headphones,16,2327.79,37244.64
2024-11-24,Laptop,6,45031.68,270190.08
2024-11-24,Mouse,4,1346.97,5387.88
2024-11-24,Keyboard,10,1593.69,15936.900000000001
2024-11-24,Monitor,8,16280.24,130241.92
2024-11-24,Headphones,7,3531.3,24719.100000000002
2024-11-25,Laptop,15,47207.45,708111.75
2024-11-25,Mouse,9,519.12,4672.08
2024-11-25,Keyboard,8,2531.58,20252.64
2024-11-25,Monitor,12,19360.24,232322.88
2024-11-25,Headphones,11,2403.31,26436.41
2024-11-26,Laptop,15,51444.7,771670.5
2024-11-26,Mouse,13,1304.44,16957.72
2024-11-26,Keyboard,10,2599.58,25995.8
2024-11-26,Monitor,15,19787.24,296808.60000000003
2024-11-26,Headphones,16,4971.64,79546.24
2024-11-27,Laptop,5,51768.21,258841.05
2024-11-27,Mouse,4,589.81,2359.24
2024-11-27,Keyboard,15,1521.47,22822.05
2024-11-27,Monitor,4,16708.91,66835.64
2024-11-27,Headphones,7,4221.43,29550.010000000002
2024-11-28,Laptop,7,45056.66,315396.62
2024-11-28,Mouse,10,1268.92,12689.2
2024-11-28,Keyboard,11,2649.17,29140.870000000003
2024-11-28,Monitor,6,18500.17,111001.01999999999
2024-11-28,Headphones,16,2265.81,36252.96
2024-11-29,Laptop,11,52231.49,574546.39
2024-11-29,Mouse,15,907.54,13613.099999999999
2024-11-29,Keyboard,15,1536.75,23051.25
2024-11-29,Monitor,12,16744.1,200929.19999999998
2024-11-29,Headphones,5,3896.27,19481.35
2024-11-30,Laptop,14,54476.88,762676.32
2024-11-30,Mouse,5,506.09,2530.45
2024-11-30,Keyboard,5,2283.86,11419.300000000001
2024-11-30,Monitor,5,15384.31,76921.55
2024-11-30,Headphones,9,4526.22,40735.98
2024-12-01,Laptop,15,52070.86,781062.9
2024-12-01,Mouse,15,645.2,9678.0
2024-12-01,Keyboard,13,2104.31,27356.03
2024-12-01,Monitor,18,16055.56,289000.08
2024-12-01,Headphones,5,2843.01,14215.050000000001
2024-12-02,Laptop,11,47925.15,527176.65
2024-12-02,Mouse,11,905.1,9956.1
2024-12-02,Keyboard,14,1533.04,21462.559999999998
2024-12-02,Monitor,10,17382.18,173821.8
2024-12-02,Headphones,4,3646.94,14587.76
2024-12-03,Laptop,17,54789.81,931426.77
2024-12-03,Mouse,8,714.63,5717.04
2024-12-03,Keyboard,6,2471.73,14830.380000000001
2024-12-03,Monitor,9,15939.21,143452.88999999998
2024-12-03,Headphones,10,3509.25,35092.5
2024-12-04,Laptop,17,49539.47,842170.99
2024-12-04,Mouse,7,1124.78,7873.46
2024-12-04,Keyboard,7,2455.64,17189.48
2024-12-04,Monitor,5,16209.66,81048.3
2024-12-04,Headphones,15,2703.96,40559.4
2024-12-05,Laptop,8,53039.59,424316.72
2024-12-05,Mouse,9,1063.29,9569.61
2024-12-05,Keyboard,7,1714.31,12000.17
2024-12-05,Monitor,10,18603.28,186032.8
2024-12-05,Headphones,15,3490.09,52351.350000000006
2024-12-06,Laptop,17,53819.92,914938.64
2024-12-06,Mouse,11,1129.56,12425.16
2024-12-06,Keyboard,14,1907.32,26702.48
2024-12-06,Monitor,4,16587.93,66351.72
2024-12-06,Headphones,18,2567.12,46208.159999999996
2024-12-07,Laptop,16,45468.52,727496.32
2024-12-07,Mouse,9,1206.98,10862.82
2024-12-07,Keyboard,10,2374.9,23749.0
2024-12-07,Monitor,11,15019.1,165210.1
2024-12-07,Headphones,8,4821.35,38570.8
2024-12-08,Laptop,16,54308.87,868941.92
2024-12-08,Mouse,12,860.23,10322.76
2024-12-08,Keyboard,6,2347.48,14084.880000000001
2024-12-08,Monitor,5,16566.74,82833.70000000001
2024-12-08,Headphones,7,4721.6,33051.200000000004
2024-12-09,Laptop,6,49338.17,296029.02
2024-12-09,Mouse,4,877.31,3509.24
2024-12-09,Keyboard,11,2946.12,32407.32
2024-12-09,Monitor,8,15580.11,124640.88
2024-12-09,Headphones,10,3481.44,34814.4
2024-12-10,Laptop,4,54301.71,217206.84
2024-12-10,Mouse,12,1203.86,14446.32
2024-12-10,Keyboard,13,1708.67,22212.71
2024-12-10,Monitor,8,18565.23,148521.84
2024-12-10,Headphones,16,2548.42,40774.72
2024-12-11,Laptop,11,52610.38,578714.1799999999
2024-12-11,Mouse,4,1176.11,4704.44
2024-12-11,Keyboard,12,1947.08,23364.96
2024-12-11,Monitor,8,17377.03,139016.24
2024-12-11,Headphones,6,3932.45,23594.699999999997
2024-12-12,Laptop,13,46048.08,598625.04
2024-12-12,Mouse,9,1456.8,13111.199999999999
2024-12-12,Keyboard,15,2798.73,41980.95
2024-12-12,Monitor,6,17288.5,103731.0
2024-12-12,Headphones,5,3903.27,19516.35
2024-12-13,Laptop,6,48698.13,292188.77999999997
2024-12-13,Mouse,15,1358.96,20384.4
2024-12-13,Keyboard,16,2124.76,33996.16
2024-12-13,Monitor,16,17078.99,273263.84
2024-12-13,Headphones,5,2635.98,13179.9
2024-12-14,Laptop,12,53697.63,644371.5599999999
2024-12-14,Mouse,9,1380.16,12421.44
2024-12-14,Keyboard,4,2694.36,10777.44
2024-12-14,Monitor,10,18038.76,180387.59999999998
2024-12-14,Headphones,5,3184.2,15921.0
2024-12-15,Laptop,11,51516.4,566680.4
2024-12-15,Mouse,5,1237.1,6185.5
2024-12-15,Keyboard,9,2467.25,22205.25
2024-12-15,Monitor,8,18410.97,147287.76
2024-12-15,Headphones,9,2597.65,23378.850000000002
2024-12-16,Laptop,7,45853.41,320973.87
2024-12-16,Mouse,14,867.79,12149.06
2024-12-16,Keyboard,12,2734.96,32819.520000000004
2024-12-16,Monitor,9,17579.31,158213.79
2024-12-16,Headphones,15,2299.6,34494.0
2024-12-17,Laptop,13,45146.93,586910.09
2024-12-17,Mouse,8,1411.07,11288.56
2024-12-17,Keyboard,5,1528.99,7644.95
2024-12-17,Monitor,7,19744.23,138209.61
2024-12-17,Headphones,6,3478.59,20871.54
2024-12-18,Laptop,18,48302.43,869443.74
2024-12-18,Mouse,15,1095.13,16426.95
2024-12-18,Keyboard,11,2587.28,28460.08
2024-12-18,Monitor,12,19817.5,237810.0
2024-12-18,Headphones,15,3192.94,47894.1
2024-12-19,Laptop,4,48118.64,192474.56
2024-12-19,Mouse,15,767.25,11508.75
2024-12-19,Keyboard,4,2281.94,9127.76
2024-12-19,Monitor,13,19285.65,250713.45
2024-12-19,Headphones,9,2050.84,18457.56
2024-12-20,Laptop,14,48825.8,683561.2000000001
2024-12-20,Mouse,12,620.21,7442.52
2024-12-20,Keyboard,9,2153.26,19379.340000000004
2024-12-20,Monitor,8,16709.02,133672.16
2024-12-20,Headphones,10,3553.88,35538.8
2024-12-21,Laptop,7,51418.6,359930.2
2024-12-21,Mouse,15,501.35,7520.25
2024-12-21,Keyboard,14,2494.51,34923.14
2024-12-21,Monitor,16,19870.97,317935.52
2024-12-21,Headphones,18,4026.74,72481.31999999999
2024-12-22,Laptop,14,53297.63,746166.82
2024-12-22,Mouse,10,1280.38,12803.800000000001
2024-12-22,Keyboard,11,1810.64,19917.04
2024-12-22,Monitor,14,16514.58,231204.12000000002
2024-12-22,Headphones,6,4130.41,24782.46
2024-12-23,Laptop,16,47466.04,759456.64
2024-12-23,Mouse,15,973.4,14601.0
2024-12-23,Keyboard,15,2210.71,33160.65
2024-12-23,Monitor,13,17911.04,232843.52000000002
2024-12-23,Headphones,11,4828.17,53109.87
2024-12-24,Laptop,8,50307.37,402458.96
2024-12-24,Mouse,7,1044.48,7311.360000000001
2024-12-24,Keyboard,18,2341.94,42154.92
2024-12-24,Monitor,9,16828.4,151455.6
2024-12-24,Headphones,14,4176.88,58476.32
2024-12-25,Laptop,10,46408.03,464080.3
2024-12-25,Mouse,13,1347.19,17513.47
2024-12-25,Keyboard,14,2367.45,33144.299999999996
2024-12-25,Monitor,14,19908.27,278715.78
2024-12-25,Headphones,11,3907.86,42986.46
2024-12-26,Laptop,18,46638.81,839498.58
2024-12-26,Mouse,14,759.9,10638.6
2024-12-26,Keyboard,4,2921.09,11684.36
2024-12-26,Monitor,9,16452.52,148072.68
2024-12-26,Headphones,15,3616.44,54246.6
2024-12-27,Laptop,18,52077.21,937389.78
2024-12-27,Mouse,5,1190.1,5950.5
2024-12-27,Keyboard,5,1511.76,7558.8
2024-12-27,Monitor,7,16151.25,113058.75
2024-12-27,Headphones,11,2402.82,26431.02
2024-12-28,Laptop,5,48019.17,240095.84999999998
2024-12-28,Mouse,5,741.89,3709.45
2024-12-28,Keyboard,16,2923.61,46777.76
2024-12-28,Monitor,17,15381.2,261480.40000000002
2024-12-28,Headphones,9,4785.98,43073.81999999999
2024-12-29,Laptop,17,49596.65,843143.05
2024-12-29,Mouse,13,680.31,8844.029999999999
2024-12-29,Keyboard,18,1565.85,28185.3
2024-12-29,Monitor,17,19319.81,328436.77
2024-12-29,Headphones,11,2627.56,28903.16
2024-12-30,Laptop,14,51743.49,724408.86
2024-12-30,Mouse,4,1481.19,5924.76
2024-12-30,Keyboard,16,2290.85,36653.6
2024-12-30,Monitor,18,16209.89,291778.02
2024-12-30,Headphones,9,2326.68,20940.12
